ukraine
1
   22.130362   48.417936
   22.131243   48.426056
   22.132767   48.428519
   22.131480   48.430566
   22.130872   48.432794
   22.133796   48.448237
   22.147593   48.509438
   22.146479   48.511897
   22.146433   48.513585
   22.147323   48.515166
   22.149088   48.516775
   22.151486   48.527475
   22.154213   48.567888
   22.165144   48.589372
   22.178204   48.604955
   22.179547   48.605913
   22.181793   48.606704
   22.181316   48.608382
   22.181775   48.610509
   22.182643   48.611788
   22.184670   48.613344
   22.186372   48.614030
   22.189648   48.614553
   22.195724   48.613749
   22.198638   48.614977
   22.203715   48.620655
   22.211945   48.625048
   22.215580   48.625796
   22.225935   48.625290
   22.235048   48.630559
   22.242845   48.640565
   22.242864   48.645668
   22.243601   48.648270
   22.244295   48.649552
   22.246048   48.650939
   22.247829   48.651616
   22.252359   48.652469
   22.258210   48.655385
   22.258968   48.657007
   22.260657   48.658371
   22.263581   48.659360
   22.266638   48.659543
   22.277832   48.665029
   22.282279   48.668016
   22.283149   48.670208
   22.285615   48.672258
   22.287529   48.673290
   22.291836   48.674449
   22.295723   48.676287
   22.296616   48.678611
   22.298983   48.680233
   22.300879   48.680762
   22.303592   48.681050
   22.306722   48.682905
   22.311987   48.683684
   22.314895   48.685421
   22.319061   48.686495
   22.324450   48.687475
   22.326950   48.687522
   22.330406   48.687144
   22.334296   48.688140
   22.338882   48.699212
   22.338942   48.706957
   22.345762   48.717168
   22.344005   48.719429
   22.344138   48.721573
   22.345320   48.723107
   22.351602   48.728433
   22.354595   48.729881
   22.354909   48.730645
   22.354729   48.732315
   22.353692   48.734855
   22.353635   48.738512
   22.349417   48.739824
   22.348124   48.740831
   22.346161   48.743789
   22.345012   48.744864
   22.342715   48.745171
   22.339120   48.746310
   22.337731   48.747293
   22.336145   48.749354
   22.336008   48.751658
   22.338870   48.758063
   22.339376   48.763716
   22.338881   48.765973
   22.339094   48.767281
   22.344309   48.773947
   22.345594   48.775001
   22.349322   48.776511
   22.353464   48.777002
   22.356629   48.780768
   22.359311   48.782678
   22.362916   48.784422
   22.367604   48.785667
   22.368220   48.787110
   22.369347   48.788398
   22.369770   48.791762
   22.371909   48.794013
   22.372967   48.796666
   22.375831   48.799558
   22.379938   48.801404
   22.378185   48.806410
   22.378830   48.810970
   22.377163   48.822334
   22.375899   48.823345
   22.372980   48.827289
   22.369448   48.832585
   22.369093   48.833942
   22.369061   48.836018
   22.369687   48.837920
   22.370566   48.839055
   22.372448   48.840367
   22.375100   48.855526
   22.374462   48.857799
   22.374497   48.860504
   22.376276   48.863504
   22.377101   48.866539
   22.381548   48.872602
   22.383505   48.873647
   22.386685   48.874560
   22.387632   48.875222
   22.388084   48.878645
   22.388988   48.879822
   22.390365   48.880776
   22.414511   48.887145
   22.415619   48.900007
   22.414054   48.902590
   22.414065   48.904412
   22.415159   48.906083
   22.416956   48.907240
   22.416891   48.908818
   22.417947   48.910636
   22.417775   48.912108
   22.418509   48.914309
   22.420422   48.916844
   22.423822   48.919555
   22.420478   48.922007
   22.418893   48.924592
   22.418120   48.928984
   22.418405   48.930666
   22.419603   48.932161
   22.422568   48.934200
   22.460768   48.975655
   22.462137   48.976563
   22.465856   48.978098
   22.468903   48.978797
   22.469005   48.980301
   22.470415   48.984337
   22.470516   48.991591
   22.470968   48.992848
   22.471936   48.993968
   22.475045   48.996149
   22.477230   48.997056
   22.485101   48.997680
   22.486655   48.998043
   22.490395   49.001725
   22.494340   49.003152
   22.499677   49.004007
   22.506078   49.004422
   22.508168   49.004068
   22.516378   49.001195
   22.518026   49.001223
   22.522364   49.004355
   22.527841   49.006850
   22.537160   49.008941
   22.532462   49.016887
   22.531204   49.021779
   22.531957   49.023431
   22.533589   49.024777
   22.540295   49.026930
   22.542292   49.028078
   22.544263   49.030912
   22.544488   49.063038
   22.544873   49.068498
   22.546542   49.080348
   22.548004   49.082384
   22.550766   49.083699
   22.554182   49.083961
   22.558737   49.084993
   22.558866   49.088383
   22.560071   49.090540
   22.562894   49.092123
   22.565602   49.094467
   22.569237   49.095656
   22.572901   49.097589
   22.574067   49.098940
   22.575443   49.099812
   22.580997   49.101739
   22.586589   49.101613
   22.588792   49.101116
   22.593567   49.099402
   22.597652   49.098874
   22.603971   49.097083
   22.605290   49.096194
   22.607224   49.094085
   22.610040   49.088657
   22.613883   49.088644
   22.615896   49.088302
   22.617660   49.087573
   22.620678   49.085517
   22.627354   49.084705
   22.630279   49.083656
   22.633394   49.081353
   22.634527   49.079838
   22.637311   49.077711
   22.639182   49.073831
   22.639188   49.072028
   22.640372   49.070376
   22.640772   49.069097
   22.642537   49.066996
   22.644556   49.063086
   22.646624   49.062288
   22.649066   49.061806
   22.650745   49.061007
   22.652282   49.059498
   22.653476   49.057019
   22.655893   49.055434
   22.657330   49.053975
   22.660713   49.052311
   22.662877   49.052560
   22.669856   49.052137
   22.671880   49.051795
   22.673652   49.051062
   22.675797   49.049277
   22.676442   49.046943
   22.677470   49.045812
   22.682996   49.044460
   22.685389   49.046248
   22.689544   49.048623
   22.692943   49.052145
   22.695517   49.053546
   22.697834   49.054144
   22.712216   49.055794
   22.714887   49.056848
   22.717418   49.057291
   22.720013   49.057068
   22.727439   49.055262
   22.729020   49.054509
   22.730740   49.053033
   22.734648   49.053527
   22.737211   49.053389
   22.741894   49.052200
   22.745931   49.050239
   22.750997   49.049514
   22.753054   49.048731
   22.753885   49.049407
   22.755384   49.053703
   22.757278   49.055515
   22.762376   49.057640
   22.764866   49.058034
   22.767420   49.057869
   22.771144   49.056689
   22.773662   49.056495
   22.776062   49.055872
   22.781631   49.053289
   22.790076   49.050184
   22.791532   49.049291
   22.792735   49.047958
   22.796281   49.046003
   22.800084   49.042513
   22.803219   49.040813
   22.811846   49.038893
   22.814127   49.037972
   22.815951   49.036126
   22.816459   49.032460
   22.817726   49.030976
   22.818491   49.029284
   22.821665   49.028954
   22.823643   49.028278
   22.825893   49.029130
   22.833466   49.030596
   22.836057   49.030333
   22.838307   49.029442
   22.839884   49.028054
   22.841341   49.025370
   22.843796   49.024082
   22.845908   49.021499
   22.848893   49.015381
   22.850973   49.012745
   22.851680   49.009393
   22.851314   49.007636
   22.853541   49.007618
   22.859310   49.006667
   22.864770   49.007327
   22.867932   49.008493
   22.873037   49.008491
   22.879854   49.011108
   22.882614   49.011457
   22.882500   49.014163
   22.882887   49.015605
   22.874249   49.021137
   22.872443   49.023153
   22.871455   49.025541
   22.869549   49.026733
   22.867598   49.029293
   22.867102   49.031056
   22.867504   49.034548
   22.865697   49.034947
   22.862517   49.036345
   22.860919   49.037520
   22.860088   49.038720
   22.859814   49.040029
   22.860145   49.042084
   22.863347   49.046321
   22.863661   49.048637
   22.864632   49.049868
   22.867426   49.051696
   22.862378   49.054660
   22.859874   49.058085
   22.859377   49.060435
   22.859976   49.062275
   22.858610   49.063807
   22.857713   49.066661
   22.858189   49.068446
   22.860730   49.072322
   22.859806   49.074049
   22.860010   49.076551
   22.862597   49.080150
   22.864588   49.081392
   22.873798   49.084239
   22.874497   49.085824
   22.876039   49.087468
   22.877774   49.088693
   22.879921   49.089383
   22.882215   49.092324
   22.881412   49.092614
   22.879085   49.092688
   22.876682   49.092108
   22.873951   49.092186
   22.870961   49.093155
   22.868681   49.094322
   22.866203   49.094507
   22.863297   49.095547
   22.860760   49.095704
   22.858898   49.096278
   22.854917   49.098894
   22.852225   49.099673
   22.849513   49.101441
   22.848110   49.105074
   22.848265   49.107153
   22.843910   49.105856
   22.840036   49.105685
   22.833828   49.106278
   22.830821   49.106239
   22.827050   49.107375
   22.824035   49.109565
   22.822695   49.111005
   22.822201   49.112341
   22.822061   49.116408
   22.819154   49.118206
   22.816346   49.118888
   22.814090   49.118815
   22.812214   49.119088
   22.809352   49.120225
   22.806422   49.122588
   22.805384   49.124345
   22.803395   49.124990
   22.801892   49.125964
   22.800401   49.127735
   22.800005   49.129200
   22.797372   49.129976
   22.794985   49.131582
   22.794009   49.132737
   22.790735   49.133552
   22.787718   49.135406
   22.785901   49.137916
   22.785165   49.139857
   22.785016   49.141363
   22.785675   49.143179
   22.785015   49.145046
   22.782937   49.146918
   22.782216   49.148285
   22.782009   49.149881
   22.782415   49.151347
   22.778743   49.149177
   22.774156   49.147942
   22.770852   49.148070
   22.767839   49.149254
   22.764995   49.149198
   22.762917   49.148326
   22.760905   49.148017
   22.757984   49.148254
   22.755558   49.148901
   22.753772   49.148471
   22.750358   49.148304
   22.748395   49.148630
   22.745940   49.149650
   22.743608   49.151810
   22.740729   49.152929
   22.737525   49.153439
   22.734252   49.154824
   22.731880   49.157716
   22.731492   49.159272
   22.731624   49.161649
   22.734936   49.166069
   22.735471   49.169392
   22.736111   49.170783
   22.738202   49.172690
   22.742117   49.175346
   22.743334   49.178174
   22.741053   49.178302
   22.739879   49.177997
   22.735160   49.172526
   22.733332   49.171340
   22.731282   49.170581
   22.731470   49.167738
   22.729848   49.165305
   22.724713   49.161909
   22.719647   49.160434
   22.715147   49.160535
   22.713276   49.161027
   22.711703   49.161860
   22.709635   49.163909
   22.708497   49.165902
   22.708209   49.167577
   22.706396   49.168165
   22.705015   49.169006
   22.702595   49.170985
   22.701084   49.172941
   22.700482   49.175721
   22.701840   49.182469
   22.702804   49.183568
   22.704978   49.184970
   22.710255   49.186313
   22.712716   49.190213
   22.713047   49.192615
   22.714500   49.194770
   22.715730   49.195812
   22.716738   49.198107
   22.719234   49.199961
   22.722067   49.200703
   22.722617   49.204245
   22.723387   49.206039
   22.726535   49.208704
   22.726374   49.210691
   22.726799   49.211936
   22.728287   49.213916
   22.730411   49.215388
   22.728157   49.216441
   22.724211   49.216146
   22.721085   49.216695
   22.718091   49.216840
   22.715716   49.217695
   22.708821   49.224423
   22.708069   49.226614
   22.710206   49.237194
   22.715706   49.243914
   22.718289   49.245392
   22.733075   49.250242
   22.733678   49.256506
   22.733451   49.263512
   22.737301   49.299152
   22.743896   49.316573
   22.736374   49.335490
   22.739966   49.359720
   22.737494   49.368787
   22.725976   49.397167
   22.719022   49.408488
   22.714199   49.418807
   22.710179   49.428636
   22.706174   49.436644
   22.703646   49.444828
   22.694701   49.480119
   22.693728   49.487421
   22.691714   49.491015
   22.669487   49.493038
   22.667388   49.493465
   22.660661   49.496903
   22.655327   49.500338
   22.646416   49.505172
   22.644892   49.506713
   22.638258   49.522348
   22.634309   49.528646
   22.634022   49.530350
   22.635029   49.532378
   22.637327   49.533875
   22.658496   49.542248
   22.668478   49.551194
   22.669431   49.553376
   22.671591   49.561911
   22.678386   49.573375
   22.689129   49.584453
   22.700965   49.595852
   22.710832   49.603101
   22.719056   49.611495
   22.743948   49.633938
   22.751265   49.638356
   22.776671   49.658849
   22.777629   49.666312
   22.780823   49.678025
   22.800021   49.696040
   22.801865   49.697203
   22.804223   49.697837
   22.818959   49.698875
   22.841759   49.712589
   22.846021   49.722412
   22.854290   49.730968
   22.867929   49.743306
   22.869757   49.744443
   22.881181   49.748373
   22.890135   49.753848
   22.891360   49.765640
   22.896248   49.771058
   22.905332   49.777342
   22.927895   49.796422
   22.938132   49.800407
   22.951875   49.807504
   22.950136   49.809829
   22.950018   49.812129
   22.965101   49.841230
   22.966923   49.842413
   22.968654   49.842961
   22.991170   49.846171
   23.001670   49.857634
   23.027912   49.884141
   23.059860   49.911164
   23.083250   49.927747
   23.101367   49.944075
   23.109339   49.959136
   23.137748   49.974422
   23.183451   50.012986
   23.206458   50.032872
   23.209216   50.048009
   23.210490   50.050144
   23.213181   50.051589
   23.234777   50.058054
   23.259424   50.081807
   23.272483   50.088520
   23.272388   50.100230
   23.273158   50.101938
   23.275277   50.103753
   23.277574   50.104751
   23.279587   50.105056
   23.282310   50.104821
   23.284343   50.104129
   23.290937   50.106099
   23.292331   50.108964
   23.294488   50.110707
   23.305539   50.115021
   23.310129   50.115948
   23.337282   50.136785
   23.375452   50.162535
   23.424645   50.187466
   23.465822   50.221391
   23.502551   50.234120
   23.526340   50.246998
   23.554674   50.260674
   23.576054   50.269292
   23.606137   50.301992
   23.608874   50.303410
   23.625528   50.308155
   23.632371   50.321922
   23.634223   50.323830
   23.636576   50.324771
   23.680505   50.335068
   23.684401   50.347301
   23.684430   50.354147
   23.690260   50.367754
   23.697278   50.377629
   23.704768   50.382933
   23.724632   50.392236
   23.776511   50.405350
   23.802453   50.409247
   23.845114   50.410563
   23.879623   50.413419
   23.884263   50.412869
   23.940423   50.418427
   23.992245   50.416834
   23.999291   50.436673
   24.000587   50.438275
   24.002729   50.439410
   24.028549   50.447821
   24.031732   50.456891
   24.036355   50.462626
   24.042290   50.472418
   24.063450   50.504583
   24.068947   50.523785
   24.071054   50.526694
   24.076822   50.543102
   24.079623   50.552362
   24.084452   50.562625
   24.083599   50.578602
   24.091796   50.600076
   24.091507   50.605503
   24.090853   50.608890
   24.087886   50.611688
   24.085466   50.614818
   24.084417   50.618870
   24.085373   50.624317
   24.088567   50.631904
   24.085080   50.632521
   24.082436   50.633816
   24.081012   50.635780
   24.080136   50.639862
   24.077790   50.640447
   24.075150   50.641748
   24.074006   50.642807
   24.073273   50.644470
   24.073377   50.645772
   24.074173   50.647459
   24.079866   50.652861
   24.079086   50.654127
   24.078880   50.655432
   24.080235   50.658460
   24.079076   50.659739
   24.078484   50.661145
   24.078205   50.664909
   24.078704   50.666552
   24.078318   50.667707
   24.076939   50.668569
   24.075187   50.669091
   24.071786   50.669278
   24.069487   50.669877
   24.067020   50.671366
   24.065659   50.672994
   24.062641   50.672761
   24.059597   50.673500
   24.057008   50.674996
   24.055589   50.677008
   24.055507   50.678349
   24.056507   50.682193
   24.056068   50.684131
   24.056522   50.685777
   24.058502   50.688131
   24.059792   50.690650
   24.060913   50.691939
   24.062628   50.696451
   24.064309   50.698519
   24.062973   50.700777
   24.063143   50.702882
   24.060688   50.705453
   24.060411   50.708217
   24.061716   50.710140
   24.064690   50.711668
   24.065030   50.713550
   24.064857   50.713817
   24.061647   50.714040
   24.059037   50.714829
   24.054669   50.713407
   24.051089   50.713394
   24.049566   50.712078
   24.046461   50.710877
   24.043030   50.710717
   24.039241   50.711914
   24.037913   50.712869
   24.036992   50.714178
   24.034694   50.714697
   24.027946   50.717471
   24.026043   50.717979
   24.023486   50.717314
   24.020376   50.717374
   24.017317   50.718444
   24.014014   50.718804
   24.011737   50.719855
   24.010319   50.721179
   24.009625   50.722872
   24.010049   50.724898
   24.011178   50.726315
   24.009688   50.727728
   24.008927   50.729651
   24.009673   50.732089
   24.011371   50.733702
   24.009874   50.735316
   24.009333   50.737393
   24.009655   50.738622
   24.011379   50.741355
   24.011533   50.743115
   24.009841   50.744249
   24.008744   50.745784
   24.008613   50.747992
   24.009340   50.749564
   24.007291   50.750378
   24.005941   50.751448
   24.004717   50.752973
   24.004338   50.754762
   24.005459   50.757057
   24.005753   50.759163
   24.007168   50.760779
   24.007038   50.762175
   24.007757   50.763844
   24.009661   50.765567
   24.012725   50.766580
   24.010571   50.767529
   24.005323   50.766540
   24.000856   50.765066
   23.998232   50.764695
   23.987410   50.765291
   23.984830   50.763915
   23.981332   50.763369
   23.976352   50.764068
   23.974161   50.764765
   23.971133   50.766862
   23.970168   50.768510
   23.970058   50.769938
   23.965404   50.771059
   23.963327   50.772293
   23.961639   50.774652
   23.959610   50.776421
   23.958902   50.777848
   23.957418   50.779114
   23.956460   50.781088
   23.956737   50.782932
   23.957739   50.784388
   23.960264   50.786123
   23.956818   50.787270
   23.954685   50.788730
   23.951225   50.792315
   23.950673   50.795027
   23.952032   50.797606
   23.953760   50.799006
   23.957202   50.800829
   23.958499   50.802891
   23.958934   50.806456
   23.959977   50.808391
   23.959882   50.809825
   23.957915   50.811058
   23.956804   50.812685
   23.956719   50.814698
   23.957405   50.816376
   23.958523   50.817452
   23.961194   50.818916
   23.961704   50.820708
   23.963534   50.822547
   23.965670   50.823528
   23.968148   50.824016
   23.968275   50.825970
   23.969516   50.828239
   23.971784   50.830248
   23.974523   50.831297
   23.976410   50.834396
   23.977741   50.835706
   23.980336   50.837879
   23.986325   50.841403
   23.990411   50.842055
   23.994813   50.843823
   24.005430   50.845606
   24.007604   50.845696
   24.010169   50.845256
   24.013523   50.843839
   24.015992   50.845337
   24.018137   50.846000
   24.020101   50.846197
   24.024482   50.845536
   24.027117   50.846032
   24.029254   50.845981
   24.033209   50.845099
   24.035242   50.844043
   24.041138   50.844032
   24.047205   50.843142
   24.051129   50.841861
   24.052882   50.840747
   24.055503   50.840443
   24.057476   50.839803
   24.060372   50.839928
   24.062820   50.840607
   24.065282   50.840754
   24.067630   50.840368
   24.070534   50.839071
   24.072176   50.838821
   24.077842   50.840833
   24.079777   50.841176
   24.084345   50.840820
   24.086934   50.840121
   24.091897   50.840273
   24.095148   50.840873
   24.096635   50.841843
   24.098461   50.842461
   24.102927   50.842726
   24.105876   50.844371
   24.110558   50.845273
   24.111744   50.846960
   24.114206   50.848573
   24.116056   50.849078
   24.118230   50.849198
   24.119549   50.850442
   24.121754   50.851420
   24.126714   50.852168
   24.127366   50.853360
   24.129377   50.855365
   24.136074   50.859643
   24.136565   50.862197
   24.133916   50.862436
   24.130965   50.863310
   24.125704   50.863566
   24.122276   50.864474
   24.120338   50.865570
   24.115927   50.865391
   24.112796   50.866066
   24.109763   50.868129
   24.109035   50.869440
   24.108927   50.870639
   24.103996   50.871771
   24.099913   50.871803
   24.095688   50.873020
   24.093006   50.874861
   24.089601   50.878953
   24.086269   50.880636
   24.083951   50.882578
   24.081421   50.882601
   24.078483   50.883278
   24.076526   50.884327
   24.074821   50.885928
   24.071345   50.886629
   24.066295   50.886774
   24.061440   50.887775
   24.058802   50.886636
   24.056522   50.886178
   24.054646   50.886152
   24.052122   50.886518
   24.048034   50.887909
   24.045159   50.890086
   24.043603   50.892376
   24.043129   50.893750
   24.043484   50.896258
   24.042345   50.897524
   24.038325   50.898601
   24.034572   50.900298
   24.029548   50.904446
   24.028383   50.906610
   24.022054   50.910543
   24.020627   50.911894
   24.017049   50.912431
   24.013418   50.914414
   24.007050   50.916136
   24.003857   50.918359
   24.001461   50.921793
   23.994776   50.923817
   23.992108   50.925413
   23.989150   50.929324
   23.988488   50.931967
   23.988578   50.933367
   23.987406   50.935929
   23.983800   50.941274
   23.979914   50.941969
   23.976332   50.941539
   23.972728   50.942187
   23.970640   50.943335
   23.968670   50.945668
   23.965011   50.947509
   23.963010   50.950345
   23.961393   50.955942
   23.961709   50.958995
   23.963046   50.960703
   23.960992   50.965282
   23.960637   50.966941
   23.960198   50.972083
   23.960318   50.976983
   23.958873   50.978065
   23.954478   50.983117
   23.951020   50.988282
   23.948656   50.990212
   23.945444   50.990567
   23.942699   50.991764
   23.937032   50.996420
   23.934602   50.999021
   23.931701   50.999497
   23.927899   51.001294
   23.924493   51.000889
   23.914359   51.001817
   23.910759   51.003290
   23.908561   51.005721
   23.908207   51.007261
   23.908442   51.008506
   23.907773   51.010487
   23.908539   51.013392
   23.909444   51.014516
   23.911587   51.016001
   23.913449   51.016650
   23.916260   51.016901
   23.916941   51.019728
   23.915274   51.021325
   23.912636   51.022863
   23.911552   51.024591
   23.910012   51.025899
   23.909187   51.027597
   23.909256   51.029791
   23.910592   51.032330
   23.912057   51.033659
   23.914644   51.034905
   23.908917   51.037663
   23.906880   51.039788
   23.906308   51.040948
   23.906325   51.043239
   23.907466   51.044986
   23.906937   51.046245
   23.906978   51.047565
   23.908157   51.049691
   23.908104   51.050443
   23.907409   51.052321
   23.907606   51.054859
   23.906237   51.057558
   23.906464   51.059628
   23.903875   51.060938
   23.902060   51.063402
   23.902235   51.067363
   23.903572   51.069493
   23.900663   51.069775
   23.897894   51.069577
   23.894650   51.070234
   23.892598   51.069972
   23.889872   51.070277
   23.886604   51.071861
   23.884655   51.074445
   23.882279   51.073302
   23.878071   51.072489
   23.874023   51.072725
   23.871685   51.073526
   23.869427   51.075552
   23.868899   51.076866
   23.868980   51.078203
   23.866538   51.080811
   23.866216   51.083039
   23.865119   51.084880
   23.864959   51.086957
   23.863853   51.089780
   23.861834   51.091051
   23.860798   51.092359
   23.858587   51.092754
   23.855603   51.094007
   23.851776   51.096778
   23.850526   51.098271
   23.850062   51.099577
   23.850296   51.101492
   23.850998   51.102729
   23.852563   51.104005
   23.851042   51.105959
   23.850238   51.111297
   23.849008   51.112588
   23.848236   51.114486
   23.846669   51.115461
   23.845444   51.116887
   23.845022   51.118159
   23.845246   51.120248
   23.843451   51.121941
   23.842824   51.124417
   23.843583   51.126088
   23.845546   51.128109
   23.847106   51.131917
   23.849473   51.134060
   23.852684   51.135197
   23.856905   51.135120
   23.858989   51.135638
   23.861862   51.135703
   23.862601   51.139087
   23.861120   51.141441
   23.861423   51.143495
   23.859435   51.145238
   23.858612   51.147773
   23.856320   51.149474
   23.855214   51.151246
   23.851035   51.150519
   23.847800   51.150920
   23.846062   51.151496
   23.844639   51.152374
   23.842979   51.154043
   23.842213   51.155811
   23.840092   51.155103
   23.838017   51.154918
   23.835222   51.155271
   23.832712   51.156286
   23.830109   51.155596
   23.827306   51.155523
   23.824833   51.156051
   23.822274   51.157418
   23.820340   51.158033
   23.817405   51.159960
   23.816173   51.161276
   23.814905   51.163694
   23.814747   51.165223
   23.810630   51.166731
   23.808866   51.167907
   23.807431   51.169446
   23.805300   51.175046
   23.805500   51.176698
   23.806326   51.178149
   23.804307   51.180692
   23.802287   51.180565
   23.799422   51.180916
   23.796247   51.181952
   23.793825   51.183562
   23.785032   51.184720
   23.781279   51.185812
   23.779658   51.186714
   23.776512   51.189349
   23.775403   51.191382
   23.775506   51.193000
   23.774453   51.194034
   23.773644   51.195586
   23.772059   51.195768
   23.769443   51.195367
   23.766773   51.195593
   23.764476   51.196335
   23.762339   51.197914
   23.758932   51.198380
   23.756764   51.199069
   23.754602   51.200575
   23.753561   51.202363
   23.752730   51.205230
   23.751007   51.206327
   23.748971   51.206380
   23.746654   51.206969
   23.743174   51.207359
   23.740636   51.207053
   23.738199   51.207290
   23.735715   51.207983
   23.733874   51.209132
   23.732271   51.211151
   23.732200   51.213667
   23.729540   51.217453
   23.729053   51.219109
   23.729431   51.220994
   23.730432   51.222377
   23.731775   51.223494
   23.734046   51.224489
   23.732740   51.225967
   23.732360   51.228210
   23.729503   51.229128
   23.726893   51.231033
   23.723386   51.232107
   23.720993   51.233814
   23.720087   51.234961
   23.719429   51.237474
   23.719857   51.239712
   23.719244   51.241246
   23.719333   51.243323
   23.718021   51.244547
   23.717341   51.246306
   23.718475   51.250858
   23.717700   51.254801
   23.716375   51.257401
   23.716520   51.259205
   23.715868   51.259795
   23.712939   51.260782
   23.711645   51.261778
   23.710689   51.263407
   23.710719   51.265245
   23.707611   51.267122
   23.706547   51.269136
   23.704794   51.270083
   23.701701   51.271007
   23.699731   51.272358
   23.698439   51.274570
   23.698762   51.277143
   23.697007   51.277656
   23.692774   51.279815
   23.690518   51.282044
   23.687613   51.281869
   23.685094   51.282329
   23.679870   51.284995
   23.678625   51.285951
   23.675560   51.286040
   23.669475   51.285485
   23.667159   51.285835
   23.664661   51.286725
   23.663616   51.285142
   23.661339   51.283489
   23.659057   51.282785
   23.655885   51.282524
   23.652502   51.283238
   23.649361   51.282688
   23.646666   51.282944
   23.643801   51.284089
   23.641965   51.285943
   23.641563   51.288282
   23.640028   51.289584
   23.639167   51.291398
   23.639306   51.293608
   23.640809   51.295735
   23.640059   51.297918
   23.640684   51.300167
   23.638098   51.301455
   23.634789   51.304837
   23.632711   51.309793
   23.632911   51.311617
   23.633804   51.313164
   23.633179   51.314391
   23.630206   51.316419
   23.628881   51.318478
   23.628856   51.320148
   23.630167   51.322451
   23.630652   51.324251
   23.629650   51.325191
   23.628822   51.326856
   23.629248   51.329833
   23.630278   51.331454
   23.631943   51.332976
   23.635375   51.335385
   23.640105   51.337804
   23.640488   51.340738
   23.642971   51.343172
   23.643095   51.344768
   23.643673   51.345944
   23.645135   51.347402
   23.647435   51.348777
   23.647275   51.350198
   23.648333   51.354040
   23.649684   51.356021
   23.649684   51.359597
   23.651208   51.361779
   23.652588   51.362800
   23.654468   51.363613
   23.656152   51.365442
   23.658192   51.366413
   23.659445   51.369125
   23.662580   51.371319
   23.665046   51.372129
   23.667775   51.372320
   23.672603   51.371664
   23.674367   51.372685
   23.671967   51.374863
   23.671156   51.376642
   23.671491   51.378843
   23.673178   51.380951
   23.671996   51.382750
   23.671962   51.384888
   23.672572   51.386204
   23.674208   51.387749
   23.672042   51.389165
   23.670598   51.391008
   23.670062   51.392712
   23.670406   51.395438
   23.672028   51.397403
   23.675290   51.399197
   23.676425   51.400804
   23.678357   51.402129
   23.684154   51.404064
   23.689437   51.404161
   23.689877   51.404397
   23.690304   51.404825
   23.689515   51.407673
   23.689766   51.409102
   23.687764   51.410467
   23.686744   51.411645
   23.686002   51.414975
   23.683930   51.415900
   23.682008   51.417552
   23.680987   51.420254
   23.679177   51.423344
   23.676735   51.423646
   23.675064   51.424247
   23.672086   51.426306
   23.670720   51.427889
   23.669933   51.430568
   23.670535   51.433087
   23.672079   51.435538
   23.674007   51.436837
   23.670177   51.438012
   23.666389   51.440527
   23.663156   51.439719
   23.660123   51.439575
   23.653835   51.441008
   23.650070   51.441068
   23.647549   51.441617
   23.645722   51.442303
   23.644202   51.443363
   23.642630   51.445668
   23.642735   51.448696
   23.641905   51.451129
   23.642607   51.453039
   23.640580   51.454952
   23.639466   51.457481
   23.639630   51.459193
   23.640536   51.461033
   23.642071   51.462422
   23.645294   51.463847
   23.648464   51.464139
   23.650996   51.463781
   23.652678   51.464843
   23.653460   51.466354
   23.654821   51.467665
   23.658848   51.469523
   23.659179   51.471219
   23.660190   51.472756
   23.662542   51.474394
   23.664381   51.475199
   23.664154   51.476753
   23.664704   51.478830
   23.664221   51.480036
   23.659969   51.481516
   23.657681   51.483201
   23.653178   51.481501
   23.647959   51.481300
   23.643963   51.480389
   23.641309   51.480431
   23.634557   51.481781
   23.632884   51.482594
   23.631075   51.484162
   23.629723   51.486661
   23.625836   51.487920
   23.623917   51.489390
   23.622720   51.490817
   23.619104   51.491491
   23.615998   51.492767
   23.614662   51.493663
   23.612958   51.495890
   23.612677   51.497297
   23.612998   51.498835
   23.610631   51.500753
   23.609748   51.502329
   23.609595   51.504696
   23.611632   51.510062
   23.612700   51.511159
   23.614196   51.512008
   23.617290   51.512691
   23.619255   51.512606
   23.621663   51.511925
   23.627278   51.508592
   23.629504   51.508899
   23.631815   51.508727
   23.637154   51.510277
   23.640683   51.510047
   23.647356   51.510945
   23.649876   51.510819
   23.653090   51.509638
   23.655238   51.509357
   23.657080   51.508709
   23.659255   51.507538
   23.662049   51.505075
   23.667026   51.504047
   23.669398   51.506804
   23.667689   51.509587
   23.665098   51.517332
   23.661126   51.521561
   23.650720   51.529702
   23.649901   51.530880
   23.649178   51.533121
   23.630962   51.546055
   23.629525   51.548354
   23.629372   51.553086
   23.629760   51.554302
   23.633437   51.559332
   23.634897   51.560290
   23.637888   51.561293
   23.640441   51.563497
   23.641037   51.567190
   23.642065   51.568854
   23.643439   51.569854
   23.646492   51.570788
   23.647782   51.571848
   23.649464   51.572596
   23.651402   51.572983
   23.653817   51.572985
   23.656259   51.574451
   23.657521   51.577109
   23.655024   51.581811
   23.653346   51.583175
   23.648154   51.584474
   23.641489   51.587394
   23.637919   51.588570
   23.635459   51.587731
   23.632951   51.587554
   23.628971   51.587854
   23.626075   51.588971
   23.624330   51.590866
   23.624079   51.592789
   23.619586   51.597739
   23.618826   51.602212
   23.619023   51.603767
   23.616248   51.604890
   23.610634   51.608684
   23.609406   51.610119
   23.600481   51.613656
   23.599059   51.615091
   23.598571   51.617204
   23.599188   51.621668
   23.599824   51.622906
   23.600967   51.623972
   23.605713   51.626635
   23.607431   51.627334
   23.615669   51.629063
   23.620602   51.631659
   23.626038   51.632790
   23.630918   51.637017
   23.641696   51.643335
   23.643673   51.643760
   23.650229   51.644040
   23.658526   51.643539
   23.661749   51.644812
   23.665669   51.648633
   23.669387   51.651128
   23.670842   51.654018
   23.673552   51.656241
   23.675196   51.657054
   23.677810   51.657569
   23.679857   51.657483
   23.699707   51.653215
   23.702191   51.653040
   23.714897   51.655459
   23.718780   51.657213
   23.727189   51.659185
   23.733483   51.662007
   23.747779   51.664530
   23.749757   51.664552
   23.754157   51.663904
   23.768202   51.668801
   23.781032   51.671899
   23.783125   51.672030
   23.785178   51.671733
   23.788346   51.670640
   23.792170   51.668665
   23.795134   51.665139
   23.796520   51.662489
   23.797482   51.656296
   23.796915   51.654497
   23.795153   51.652316
   23.795690   51.650208
   23.794590   51.647541
   23.795575   51.644748
   23.802724   51.644848
   23.808622   51.646456
   23.827378   51.649974
   23.837759   51.648337
   23.846916   51.645246
   23.855857   51.646955
   23.868059   51.647268
   23.872112   51.646766
   23.876956   51.645182
   23.913160   51.636475
   23.917803   51.634503
   23.919162   51.633029
   23.919575   51.631760
   23.919254   51.630046
   23.918384   51.628881
   23.894338   51.610244
   23.886494   51.605918
   23.884380   51.598914
   23.885324   51.597865
   23.902949   51.602317
   23.929422   51.602077
   23.945879   51.599878
   23.959724   51.592642
   23.976157   51.591047
   23.991910   51.585792
   23.994938   51.585085
   24.006807   51.591492
   24.009624   51.592254
   24.010648   51.593008
   24.010583   51.596923
   24.012028   51.599021
   24.025690   51.606444
   24.071107   51.622615
   24.086738   51.635403
   24.094620   51.642342
   24.097209   51.645282
   24.099778   51.649632
   24.114313   51.668572
   24.115958   51.669958
   24.119683   51.671570
   24.264331   51.719903
   24.269349   51.723345
   24.273534   51.725491
   24.311551   51.752009
   24.300886   51.767660
   24.299015   51.778700
   24.287941   51.798483
   24.288175   51.804942
   24.290529   51.810613
   24.292566   51.812770
   24.292277   51.814441
   24.292716   51.815732
   24.306442   51.828815
   24.319626   51.837492
   24.325784   51.844296
   24.329136   51.847436
   24.330665   51.848426
   24.332646   51.849099
   24.328132   51.854125
   24.327440   51.856277
   24.328053   51.857996
   24.334690   51.867163
   24.336210   51.868017
   24.338037   51.868543
   24.343903   51.868619
   24.346967   51.869277
   24.369057   51.882413
   24.371567   51.883006
   24.374166   51.882925
   24.376456   51.883276
   24.380952   51.885143
   24.385928   51.886289
   24.450072   51.887120
   24.477075   51.886838
   24.515965   51.893136
   24.536958   51.891842
   24.564117   51.893953
   24.569399   51.897956
   24.576276   51.900098
   24.602890   51.905686
   24.625450   51.907255
   24.641971   51.905605
   24.664572   51.903949
   24.667833   51.902687
   24.674414   51.897487
   24.683002   51.898343
   24.707648   51.900042
   24.709264   51.900781
   24.711166   51.901187
   24.715598   51.900859
   24.717466   51.900371
   24.721710   51.898383
   24.734823   51.890984
   24.737920   51.890039
   24.739685   51.888585
   24.750061   51.885831
   24.763830   51.888429
   24.779695   51.897003
   24.782360   51.898749
   24.786156   51.900393
   24.788579   51.900873
   24.790774   51.903873
   24.796410   51.907737
   24.797428   51.910544
   24.798707   51.912062
   24.800186   51.912927
   24.808214   51.916183
   24.818269   51.916974
   24.834329   51.917692
   24.836377   51.917577
   24.838281   51.917063
   24.839867   51.916196
   24.840992   51.915055
   24.847313   51.902190
   24.877793   51.911128
   24.893899   51.914322
   24.901081   51.915306
   24.906320   51.918450
   24.910488   51.920514
   24.912297   51.921146
   24.914307   51.921394
   24.917612   51.920909
   24.920159   51.919430
   24.935612   51.900748
   24.938030   51.897231
   24.962068   51.902534
   24.974533   51.907171
   24.986962   51.914719
   24.988245   51.916934
   24.990095   51.918445
   24.991865   51.919207
   24.995400   51.919974
   25.017322   51.923069
   25.053718   51.942523
   25.064582   51.945026
   25.076647   51.951163
   25.097289   51.957593
   25.100789   51.958002
   25.117232   51.955878
   25.140100   51.957846
   25.152284   51.960594
   25.160231   51.966209
   25.162400   51.967236
   25.177837   51.969693
   25.188238   51.973278
   25.190677   51.973764
   25.215534   51.970957
   25.217493   51.970339
   25.224532   51.966360
   25.227855   51.965369
   25.231523   51.965579
   25.240914   51.970460
   25.243078   51.971216
   25.257547   51.973300
   25.265527   51.972867
   25.268025   51.971963
   25.274933   51.967143
   25.276650   51.966564
   25.286136   51.965495
   25.293599   51.962827
   25.295315   51.961447
   25.296177   51.959850
   25.299303   51.959536
   25.306356   51.957695
   25.313655   51.952611
   25.323967   51.948252
   25.326010   51.946699
   25.326895   51.944797
   25.338337   51.943616
   25.340656   51.942902
   25.342044   51.942020
   25.347453   51.936689
   25.348602   51.936535
   25.353752   51.938196
   25.358190   51.939031
   25.366863   51.938500
   25.368868   51.938114
   25.370603   51.937345
   25.376302   51.932182
   25.380930   51.931816
   25.382772   51.931367
   25.397669   51.931114
   25.407278   51.929661
   25.410173   51.928692
   25.413154   51.926338
   25.433054   51.926861
   25.436235   51.926432
   25.447894   51.926361
   25.460058   51.925485
   25.463077   51.924500
   25.465735   51.924909
   25.469265   51.924656
   25.479604   51.926182
   25.479707   51.929931
   25.480911   51.932055
   25.482995   51.933548
   25.485194   51.934352
   25.487174   51.934695
   25.493713   51.934021
   25.497853   51.932268
   25.501034   51.932024
   25.503497   51.931385
   25.509473   51.927774
   25.512537   51.929201
   25.521598   51.942980
   25.522900   51.943937
   25.524555   51.944612
   25.527728   51.944974
   25.597466   51.928289
   25.655451   51.924006
   25.708880   51.920738
   25.741289   51.925386
   25.756873   51.928274
   25.758826   51.928395
   25.761393   51.928057
   25.760688   51.929761
   25.761157   51.931846
   25.765853   51.935999
   25.758852   51.948953
   25.758649   51.950260
   25.759268   51.951958
   25.761317   51.953658
   25.764326   51.954526
   25.777945   51.954345
   25.779785   51.954004
   25.782915   51.953978
   25.784798   51.953465
   25.786798   51.952256
   25.788050   51.950200
   25.811085   51.950653
   25.827852   51.946725
   25.829286   51.945802
   25.830459   51.944220
   25.831264   51.937357
   25.831100   51.936035
   25.830002   51.934429
   25.828062   51.933223
   25.825968   51.932657
   25.825861   51.931415
   25.828383   51.929681
   25.830620   51.930501
   25.833204   51.930803
   25.844964   51.929985
   25.849316   51.930382
   25.857552   51.930536
   25.865020   51.929930
   25.869641   51.929056
   25.872870   51.927604
   25.874569   51.926317
   25.877206   51.926812
   25.881024   51.926859
   25.884726   51.926156
   25.887110   51.925110
   25.890427   51.924626
   25.892370   51.923794
   25.896507   51.924276
   25.903177   51.925847
   25.905112   51.925846
   25.909214   51.925206
   25.917336   51.922908
   25.922003   51.920624
   25.924831   51.920013
   25.926427   51.920009
   25.928802   51.921308
   25.930729   51.921904
   25.933385   51.922148
   25.935740   51.921830
   25.936782   51.922128
   25.938750   51.924159
   25.941707   51.925305
   25.945121   51.925492
   25.948048   51.926649
   25.949969   51.926829
   25.951883   51.926644
   25.954567   51.927739
   25.960516   51.928403
   25.962091   51.930228
   25.964769   51.931405
   25.966477   51.931718
   25.969162   51.931624
   25.970982   51.932000
   25.973439   51.932029
   25.978238   51.933898
   25.981238   51.934345
   25.985212   51.936040
   25.988159   51.936642
   25.990687   51.936701
   25.992579   51.937546
   25.994463   51.937902
   26.000113   51.937505
   26.002091   51.937088
   26.004263   51.935960
   26.005542   51.934432
   26.045050   51.929825
   26.047426   51.929029
   26.049462   51.927293
   26.052705   51.918033
   26.094788   51.916541
   26.097893   51.915908
   26.099414   51.915087
   26.100519   51.914012
   26.101207   51.912010
   26.103631   51.909471
   26.105289   51.905769
   26.106036   51.905163
   26.108651   51.903561
   26.110452   51.902984
   26.111848   51.902138
   26.114034   51.902034
   26.115825   51.901562
   26.120641   51.899306
   26.122019   51.898214
   26.126754   51.896846
   26.128595   51.895733
   26.134069   51.890824
   26.137785   51.882890
   26.138571   51.881898
   26.140483   51.880842
   26.143024   51.882178
   26.144977   51.882549
   26.148231   51.882637
   26.150158   51.883710
   26.152978   51.884532
   26.155621   51.884744
   26.157574   51.884449
   26.160279   51.883178
   26.161761   51.881210
   26.162013   51.872033
   26.165684   51.871367
   26.167363   51.872344
   26.169882   51.872969
   26.177940   51.872924
   26.186195   51.870518
   26.192011   51.867313
   26.202583   51.868646
   26.214179   51.871320
   26.214836   51.872831
   26.215991   51.873932
   26.217582   51.874761
   26.220137   51.875318
   26.222159   51.875279
   26.228116   51.874178
   26.244783   51.875017
   26.272886   51.875448
   26.274910   51.875276
   26.279175   51.874089
   26.281068   51.872885
   26.282156   51.871240
   26.288928   51.872744
   26.290987   51.872729
   26.292945   51.872307
   26.299240   51.869134
   26.306159   51.864818
   26.329556   51.868670
   26.356076   51.866586
   26.363932   51.867087
   26.369386   51.866858
   26.390613   51.880409
   26.393587   51.881283
   26.396833   51.881144
   26.398602   51.880578
   26.400054   51.879701
   26.401069   51.878586
   26.401563   51.877326
   26.402433   51.836101
   26.427414   51.837590
   26.429391   51.837386
   26.431194   51.836810
   26.433402   51.835172
   26.443507   51.822424
   26.471968   51.817243
   26.473783   51.816714
   26.475292   51.815862
   26.476368   51.814758
   26.476920   51.813495
   26.477474   51.804640
   26.543469   51.800756
   26.548224   51.805363
   26.545416   51.811651
   26.545629   51.813366
   26.547215   51.815233
   26.549919   51.816407
   26.565887   51.820156
   26.584125   51.823991
   26.586520   51.832353
   26.588711   51.834039
   26.591849   51.834828
   26.594535   51.834676
   26.597401   51.833562
   26.600363   51.833677
   26.604724   51.832900
   26.606883   51.832038
   26.609492   51.830210
   26.613079   51.828891
   26.617305   51.829091
   26.645067   51.828320
   26.649488   51.829257
   26.661667   51.829358
   26.666608   51.828737
   26.678417   51.828028
   26.695512   51.827647
   26.697994   51.826951
   26.699522   51.826024
   26.700561   51.824837
   26.701056   51.823104
   26.708740   51.816279
   26.709789   51.815942
   26.714311   51.816077
   26.716710   51.817080
   26.724289   51.818996
   26.726519   51.819899
   26.728534   51.820233
   26.730608   51.820150
   26.733133   51.819408
   26.746985   51.813070
   26.751436   51.812532
   26.754383   51.811043
   26.758491   51.807107
   26.760513   51.806418
   26.761945   51.805446
   26.764066   51.802654
   26.763902   51.799757
   26.762991   51.798472
   26.761735   51.797537
   26.764796   51.795111
   26.765908   51.793086
   26.765534   51.788270
   26.766904   51.786317
   26.767160   51.784962
   26.766734   51.783304
   26.765320   51.781722
   26.765533   51.780279
   26.765158   51.779084
   26.768758   51.777834
   26.770802   51.776193
   26.777423   51.772808
   26.780649   51.771619
   26.782557   51.770325
   26.786337   51.771086
   26.789033   51.770961
   26.795998   51.768147
   26.797756   51.766305
   26.798088   51.764569
   26.797402   51.762879
   26.795312   51.761110
   26.804771   51.760202
   26.812270   51.766002
   26.814517   51.766956
   26.844993   51.770635
   26.847554   51.770613
   26.850444   51.769715
   26.860472   51.764401
   26.873235   51.756659
   26.879592   51.753238
   26.884158   51.754420
   26.886829   51.754429
   26.895833   51.751485
   26.907985   51.754419
   26.911233   51.754451
   26.914135   51.753483
   26.915951   51.751853
   26.946774   51.741630
   26.989428   51.771894
   26.990996   51.772729
   26.992864   51.773225
   27.054350   51.775042
   27.066772   51.775047
   27.089020   51.775891
   27.108771   51.776049
   27.179537   51.777600
   27.202269   51.777788
   27.204862   51.777472
   27.206581   51.776816
   27.207942   51.775859
   27.208831   51.774684
   27.209172   51.773389
   27.214888   51.670324
   27.217541   51.669071
   27.249394   51.671779
   27.252187   51.671631
   27.254656   51.670752
   27.274547   51.659636
   27.278108   51.657423
   27.279647   51.655453
   27.280202   51.646723
   27.279529   51.644614
   27.252296   51.620310
   27.256002   51.612247
   27.255249   51.608223
   27.254037   51.606587
   27.260593   51.606710
   27.261115   51.608024
   27.262602   51.609456
   27.264794   51.610410
   27.266708   51.610724
   27.341349   51.610781
   27.354989   51.619503
   27.357259   51.620296
   27.359165   51.620493
   27.362281   51.620021
   27.394223   51.609500
   27.420294   51.610209
   27.420363   51.615067
   27.421521   51.616634
   27.423486   51.617794
   27.435464   51.620677
   27.452540   51.624240
   27.455158   51.624468
   27.458294   51.623807
   27.459817   51.622961
   27.460907   51.621860
   27.461535   51.620158
   27.461947   51.614101
   27.468760   51.611685
   27.471924   51.614606
   27.479921   51.618989
   27.481834   51.619350
   27.483822   51.619330
   27.486300   51.618717
   27.487824   51.617869
   27.493397   51.612509
   27.494173   51.611294
   27.494388   51.609983
   27.494023   51.608686
   27.491259   51.605357
   27.490235   51.602978
   27.486947   51.600613
   27.488097   51.596383
   27.494583   51.593873
   27.500667   51.592664
   27.503204   51.591783
   27.506873   51.593055
   27.507760   51.593705
   27.514788   51.602329
   27.511514   51.602312
   27.509569   51.602711
   27.507413   51.603797
   27.506065   51.605354
   27.500596   51.630471
   27.501467   51.632130
   27.508379   51.638436
   27.513732   51.641538
   27.516918   51.642165
   27.519555   51.641892
   27.521832   51.640969
   27.525065   51.638169
   27.538614   51.628094
   27.544507   51.639793
   27.545884   51.640790
   27.548289   51.641618
   27.550310   51.641792
   27.552954   51.641399
   27.562140   51.636316
   27.570565   51.632512
   27.590131   51.624895
   27.620525   51.610198
   27.626949   51.610950
   27.632145   51.612508
   27.635990   51.614471
   27.641309   51.615739
   27.646409   51.619849
   27.650013   51.621608
   27.653204   51.622097
   27.655775   51.621735
   27.663642   51.618907
   27.670806   51.616874
   27.688162   51.617465
   27.690701   51.617197
   27.692407   51.616594
   27.693789   51.615698
   27.696295   51.611917
   27.697845   51.610860
   27.699134   51.610702
   27.705891   51.611618
   27.730024   51.608842
   27.732271   51.607909
   27.733813   51.606478
   27.736929   51.597998
   27.738704   51.597346
   27.740140   51.596387
   27.741085   51.595190
   27.741455   51.593861
   27.740424   51.589271
   27.733235   51.565133
   27.729033   51.560465
   27.727656   51.559404
   27.709860   51.551287
   27.696112   51.544004
   27.688766   51.539321
   27.683462   51.537095
   27.685042   51.519441
   27.684443   51.517744
   27.682662   51.516176
   27.689269   51.512295
   27.698555   51.503379
   27.699369   51.502956
   27.704344   51.503345
   27.711807   51.502147
   27.713935   51.501529
   27.726942   51.495798
   27.735517   51.489735
   27.745950   51.481360
   27.759607   51.478681
   27.760352   51.478751
   27.761986   51.479884
   27.762917   51.483587
   27.762931   51.492846
   27.763550   51.494582
   27.766257   51.497614
   27.769687   51.500534
   27.774541   51.503601
   27.781213   51.511430
   27.789918   51.524218
   27.801538   51.535967
   27.803018   51.536868
   27.805480   51.537553
   27.830297   51.539261
   27.839323   51.543229
   27.841175   51.544849
   27.841157   51.545073
   27.837738   51.545609
   27.835313   51.546862
   27.833193   51.549076
   27.832415   51.551505
   27.829670   51.553643
   27.828946   51.556700
   27.830350   51.559028
   27.828062   51.560966
   27.826812   51.564393
   27.825495   51.565967
   27.825062   51.567389
   27.823242   51.568400
   27.821413   51.570228
   27.820779   51.571551
   27.820773   51.573179
   27.819227   51.574214
   27.818154   51.575797
   27.817988   51.577097
   27.818387   51.578374
   27.821972   51.583397
   27.822473   51.597840
   27.825312   51.601320
   27.828759   51.603776
   27.830075   51.606109
   27.826468   51.607681
   27.823722   51.609317
   27.822339   51.611265
   27.822318   51.612993
   27.822951   51.614223
   27.824085   51.615283
   27.832856   51.620284
   27.862119   51.632664
   27.864706   51.633317
   27.867471   51.633234
   27.871269   51.631758
   27.877328   51.629945
   27.880732   51.627890
   27.882609   51.627509
   27.884268   51.626773
   27.886000   51.625122
   27.889005   51.623491
   27.890342   51.621839
   27.893132   51.620434
   27.894330   51.618947
   27.896162   51.619542
   27.898822   51.619732
   27.900777   51.619417
   27.905349   51.617900
   27.907765   51.617827
   27.911189   51.618212
   27.914873   51.617388
   27.917007   51.616320
   27.918590   51.614205
   27.923126   51.610966
   27.925112   51.610562
   27.927262   51.609476
   27.928361   51.608341
   27.928906   51.607042
   27.931240   51.594256
   27.928385   51.582178
   27.938256   51.582589
   27.941202   51.583256
   27.942352   51.584017
   27.945303   51.588754
   27.952849   51.595902
   27.955631   51.597003
   27.959232   51.597071
   27.964395   51.599759
   27.966376   51.600109
   27.968423   51.600053
   27.977525   51.598233
   27.979761   51.597239
   27.981465   51.595323
   27.981586   51.593101
   27.974345   51.581853
   27.974910   51.579587
   27.974218   51.577817
   27.972524   51.576373
   27.968405   51.574458
   27.967225   51.570727
   27.965839   51.569096
   27.957386   51.563893
   27.967690   51.564329
   28.015287   51.568160
   28.047125   51.571100
   28.058353   51.575280
   28.061109   51.578155
   28.068159   51.583402
   28.070407   51.584323
   28.073015   51.584608
   28.076183   51.584015
   28.083503   51.579181
   28.099938   51.582844
   28.101159   51.584453
   28.102668   51.585388
   28.106648   51.586825
   28.111375   51.587818
   28.111819   51.590576
   28.113498   51.595694
   28.114060   51.599626
   28.117089   51.602640
   28.122347   51.606723
   28.122655   51.609567
   28.124245   51.611542
   28.126435   51.612602
   28.129756   51.613004
   28.145339   51.610239
   28.161138   51.625817
   28.160471   51.628512
   28.164023   51.645219
   28.164575   51.646465
   28.166092   51.647869
   28.167694   51.648616
   28.173281   51.650087
   28.181893   51.653485
   28.205692   51.663697
   28.221576   51.669666
   28.224148   51.670222
   28.226625   51.670174
   28.228581   51.671070
   28.230995   51.674511
   28.232237   51.675543
   28.241685   51.680362
   28.243909   51.681110
   28.252839   51.682847
   28.255760   51.684968
   28.257567   51.685496
   28.259527   51.685658
   28.261474   51.685442
   28.263246   51.684864
   28.273252   51.679196
   28.275878   51.675147
   28.276465   51.671083
   28.275842   51.669285
   28.271155   51.662532
   28.271389   51.660072
   28.269450   51.652414
   28.267037   51.646716
   28.265260   51.637032
   28.260064   51.627153
   28.260733   51.625118
   28.280572   51.628072
   28.283121   51.627944
   28.285419   51.627201
   28.288335   51.625343
   28.289563   51.623264
   28.316584   51.603665
   28.317562   51.602428
   28.318103   51.600293
   28.325036   51.594933
   28.327313   51.594598
   28.329529   51.593612
   28.330720   51.592541
   28.331542   51.590766
   28.336345   51.587017
   28.347789   51.579770
   28.349065   51.578335
   28.352768   51.571787
   28.354487   51.569831
   28.355167   51.567471
   28.356513   51.566186
   28.357358   51.564167
   28.361207   51.558123
   28.360434   51.549887
   28.357490   51.544375
   28.359921   51.545696
   28.370822   51.548846
   28.387599   51.554228
   28.405241   51.563716
   28.415515   51.568728
   28.429522   51.576423
   28.435624   51.580098
   28.437369   51.582510
   28.442770   51.585545
   28.446658   51.588441
   28.463478   51.596800
   28.466515   51.597600
   28.481161   51.597129
   28.495411   51.595805
   28.507439   51.595035
   28.514080   51.595072
   28.521329   51.592504
   28.522914   51.591664
   28.527005   51.586494
   28.554373   51.586525
   28.556360   51.586331
   28.559213   51.585197
   28.560917   51.583303
   28.561177   51.576775
   28.647843   51.577217
   28.649762   51.577045
   28.652062   51.576275
   28.653412   51.575354
   28.654465   51.573898
   28.662437   51.570478
   28.663929   51.569552
   28.665154   51.567943
   28.665250   51.565844
   28.666807   51.563200
   28.666801   51.557508
   28.665732   51.555526
   28.661809   51.552741
   28.654904   51.550083
   28.654157   51.549414
   28.656031   51.546634
   28.661909   51.527019
   28.661446   51.524814
   28.658737   51.522301
   28.686698   51.453392
   28.689274   51.447873
   28.696476   51.446383
   28.703294   51.449276
   28.712181   51.452401
   28.713818   51.453221
   28.715550   51.459031
   28.720106   51.464283
   28.733879   51.470565
   28.737148   51.470919
   28.739704   51.470432
   28.741328   51.469657
   28.742544   51.468604
   28.743247   51.467362
   28.743556   51.465460
   28.742784   51.461313
   28.742753   51.456906
   28.741169   51.452532
   28.742464   51.444587
   28.740701   51.435741
   28.741432   51.435026
   28.747185   51.431733
   28.748613   51.429507
   28.750991   51.428942
   28.752966   51.427775
   28.754124   51.426198
   28.754671   51.424092
   28.759506   51.428839
   28.759649   51.432097
   28.765182   51.447476
   28.766171   51.448704
   28.767675   51.449675
   28.772369   51.450890
   28.774388   51.457978
   28.771864   51.460194
   28.771102   51.461300
   28.769953   51.464891
   28.767146   51.470391
   28.766847   51.473045
   28.765047   51.474381
   28.755997   51.479463
   28.754554   51.480928
   28.754056   51.482646
   28.755085   51.488673
   28.760664   51.495778
   28.770671   51.506844
   28.775152   51.512677
   28.782478   51.526004
   28.790727   51.535503
   28.793588   51.537724
   28.798248   51.540451
   28.800437   51.549237
   28.801170   51.550496
   28.807679   51.555576
   28.810956   51.559088
   28.814944   51.562106
   28.818877   51.563458
   28.828258   51.564360
   28.830168   51.564242
   28.834491   51.563286
   28.837190   51.565704
   28.838746   51.566603
   28.846864   51.568253
   28.856116   51.572329
   28.861441   51.573421
   28.862739   51.576278
   28.866262   51.578614
   28.869489   51.579504
   28.874170   51.579993
   28.874996   51.583898
   28.875760   51.585129
   28.877551   51.586443
   28.880685   51.587795
   28.911805   51.594699
   28.913978   51.594625
   28.927311   51.592730
   28.942053   51.594430
   28.957236   51.594692
   28.968331   51.596075
   28.971607   51.595928
   28.974400   51.594782
   28.975843   51.593319
   28.978059   51.589629
   28.980418   51.584246
   28.981404   51.580361
   28.983314   51.578924
   28.985246   51.577719
   28.996523   51.577820
   29.011497   51.585972
   29.019225   51.590646
   29.024667   51.593193
   29.026590   51.596663
   29.033584   51.604706
   29.041592   51.609385
   29.041741   51.610911
   29.042848   51.612501
   29.058344   51.624099
   29.071695   51.630648
   29.073806   51.631031
   29.085963   51.631985
   29.087809   51.634883
   29.086991   51.643173
   29.087859   51.645337
   29.090186   51.646960
   29.096528   51.649071
   29.099368   51.651320
   29.099868   51.652900
   29.100875   51.654028
   29.109742   51.659473
   29.110994   51.662918
   29.112210   51.664463
   29.114216   51.665589
   29.116716   51.666128
   29.118692   51.666096
   29.124026   51.665128
   29.126241   51.664216
   29.127472   51.663204
   29.128217   51.662002
   29.128358   51.660276
   29.126059   51.655041
   29.129244   51.656013
   29.131801   51.656312
   29.134342   51.655955
   29.137242   51.654616
   29.138244   51.654556
   29.143842   51.656203
   29.147230   51.656741
   29.157003   51.655724
   29.161305   51.657406
   29.165394   51.657961
   29.170348   51.657185
   29.173824   51.655538
   29.175713   51.655684
   29.177696   51.655453
   29.180505   51.654262
   29.181921   51.652756
   29.182679   51.650465
   29.184423   51.649317
   29.185328   51.648120
   29.185645   51.646352
   29.185188   51.645048
   29.183729   51.643554
   29.181513   51.642549
   29.178884   51.642189
   29.175687   51.642619
   29.170882   51.636912
   29.168946   51.635830
   29.166058   51.635246
   29.166260   51.633225
   29.165557   51.631086
   29.167538   51.631381
   29.188899   51.632371
   29.192094   51.631779
   29.194490   51.630256
   29.195295   51.629040
   29.195481   51.627277
   29.192504   51.618612
   29.186600   51.612058
   29.205749   51.611839
   29.208206   51.611141
   29.210407   51.609484
   29.211163   51.607334
   29.210907   51.597591
   29.212435   51.591391
   29.212019   51.584033
   29.211079   51.582095
   29.213623   51.580385
   29.214802   51.579139
   29.215428   51.577823
   29.215484   51.576346
   29.219737   51.573812
   29.221202   51.572094
   29.228136   51.572428
   29.242440   51.573705
   29.254730   51.571359
   29.257002   51.570342
   29.258205   51.569231
   29.258853   51.567932
   29.260947   51.558319
   29.262438   51.556480
   29.262895   51.553072
   29.264649   51.551191
   29.265144   51.549965
   29.264974   51.548281
   29.263545   51.546094
   29.265018   51.544233
   29.265375   51.542901
   29.264770   51.540931
   29.264962   51.538463
   29.263878   51.534973
   29.265935   51.533013
   29.268049   51.527653
   29.267723   51.526323
   29.266821   51.525115
   29.262115   51.522013
   29.262332   51.518253
   29.257829   51.503005
   29.257829   51.496818
   29.261609   51.492399
   29.264627   51.486525
   29.267503   51.484226
   29.275734   51.480448
   29.277654   51.478708
   29.278169   51.477011
   29.277526   51.472068
   29.278466   51.466831
   29.280341   51.463175
   29.288703   51.464686
   29.296804   51.463829
   29.307482   51.460218
   29.312716   51.458077
   29.314202   51.457250
   29.315277   51.456178
   29.315936   51.454092
   29.314125   51.447706
   29.314459   51.446374
   29.318917   51.440843
   29.322320   51.434885
   29.323288   51.423280
   29.328247   51.419344
   29.329985   51.412922
   29.331477   51.410655
   29.331278   51.406204
   29.329655   51.398478
   29.327421   51.394328
   29.328482   51.387426
   29.330026   51.385309
   29.335910   51.389218
   29.338784   51.390157
   29.341988   51.390123
   29.346104   51.388706
   29.353988   51.388992
   29.355452   51.390655
   29.359810   51.393159
   29.362318   51.393742
   29.365820   51.393865
   29.367351   51.395126
   29.372286   51.401133
   29.377766   51.405241
   29.379415   51.406133
   29.386318   51.408220
   29.391894   51.411938
   29.393651   51.412525
   29.399052   51.413367
   29.411648   51.417823
   29.420301   51.419550
   29.423212   51.419492
   29.432562   51.417942
   29.453779   51.413210
   29.466972   51.408151
   29.472654   51.407094
   29.483098   51.404231
   29.493279   51.401943
   29.496420   51.404474
   29.498838   51.408473
   29.500223   51.412483
   29.504092   51.416080
   29.507567   51.421965
   29.509075   51.426224
   29.511352   51.427890
   29.515327   51.428865
   29.515809   51.432818
   29.516707   51.435811
   29.516707   51.437614
   29.512992   51.441736
   29.512337   51.443445
   29.515133   51.453612
   29.516473   51.455326
   29.522403   51.460056
   29.528879   51.464639
   29.529359   51.469900
   29.528022   51.473718
   29.528017   51.474962
   29.531431   51.480587
   29.532412   51.484063
   29.534332   51.485893
   29.536681   51.486774
   29.541355   51.487227
   29.543404   51.487180
   29.545339   51.486732
   29.560691   51.478483
   29.576800   51.470473
   29.580494   51.467532
   29.582824   51.468121
   29.591883   51.470752
   29.601019   51.474848
   29.602479   51.476266
   29.602802   51.478471
   29.600462   51.481456
   29.599958   51.483199
   29.601876   51.487916
   29.602061   51.494235
   29.603205   51.496275
   29.605083   51.497500
   29.607521   51.498162
   29.612307   51.498222
   29.616094   51.497505
   29.620167   51.498277
   29.621722   51.499915
   29.623044   51.502673
   29.625241   51.505893
   29.628205   51.509070
   29.629640   51.510004
   29.632729   51.510826
   29.636036   51.510581
   29.642988   51.507804
   29.645763   51.505418
   29.649561   51.509401
   29.651158   51.510254
   29.653741   51.510832
   29.660871   51.510168
   29.665285   51.508977
   29.667566   51.507790
   29.667339   51.509952
   29.667700   51.511310
   29.668661   51.512532
   29.672205   51.515560
   29.674029   51.516328
   29.683391   51.519003
   29.689237   51.521870
   29.691924   51.522186
   29.694346   51.521908
   29.698532   51.523007
   29.703507   51.525604
   29.704556   51.528889
   29.706326   51.530795
   29.713054   51.533755
   29.715366   51.534376
   29.723079   51.534888
   29.729050   51.534007
   29.735559   51.535876
   29.738216   51.536083
   29.743580   51.535062
   29.745255   51.534244
   29.746479   51.533128
   29.747140   51.531820
   29.749573   51.522433
   29.753088   51.516003
   29.752985   51.514339
   29.751469   51.511298
   29.749288   51.509495
   29.751100   51.507488
   29.753046   51.502864
   29.753125   51.501592
   29.750246   51.496368
   29.748123   51.490984
   29.746943   51.489959
   29.745376   51.489196
   29.741394   51.488581
   29.741991   51.486902
   29.741630   51.481917
   29.747147   51.472029
   29.752829   51.466274
   29.753136   51.464513
   29.752239   51.461137
   29.758896   51.458233
   29.772575   51.453624
   29.780537   51.452790
   29.788549   51.450920
   29.787631   51.458615
   29.788475   51.460336
   29.790269   51.461699
   29.793399   51.462578
   29.813101   51.464511
   29.816292   51.464108
   29.817941   51.463404
   29.819218   51.462417
   29.822288   51.455800
   29.833907   51.459085
   29.843959   51.462549
   29.847279   51.462848
   29.849840   51.462301
   29.851882   51.461140
   29.856046   51.457457
   29.857298   51.454685
   29.859852   51.454616
   29.867322   51.453496
   29.873393   51.451875
   29.871964   51.457639
   29.872633   51.459806
   29.873765   51.460911
   29.879046   51.464055
   29.882181   51.465346
   29.882801   51.469995
   29.883431   51.471518
   29.881249   51.472595
   29.879729   51.474471
   29.878822   51.478605
   29.879184   51.479907
   29.880100   51.481084
   29.882623   51.482501
   29.885945   51.482991
   29.886104   51.484888
   29.887534   51.487346
   29.888669   51.488419
   29.890220   51.489232
   29.893367   51.489834
   29.903398   51.489931
   29.905735   51.491021
   29.911920   51.492409
   29.914495   51.492354
   29.916822   51.491683
   29.918533   51.492007
   29.921598   51.495178
   29.923241   51.496035
   29.925198   51.496522
   29.932338   51.496617
   29.934863   51.496296
   29.937030   51.495377
   29.940746   51.492584
   29.947469   51.490670
   29.949365   51.489862
   29.954060   51.487004
   29.955611   51.485096
   29.955766   51.483359
   29.954003   51.479143
   29.955044   51.477301
   29.956097   51.476478
   29.957745   51.475897
   29.961797   51.475480
   29.963623   51.475750
   29.965052   51.476489
   29.965671   51.482536
   29.966365   51.484382
   29.969019   51.487769
   29.972191   51.489627
   29.974489   51.490441
   29.978598   51.491223
   29.982977   51.491373
   29.985764   51.491065
   29.988447   51.490332
   29.993004   51.488095
   29.999974   51.489991
   30.003405   51.492607
   30.004997   51.493362
   30.010021   51.494189
   30.011092   51.497354
   30.012755   51.498928
   30.009431   51.499661
   30.007368   51.500753
   30.006084   51.502283
   30.005773   51.504021
   30.006480   51.505708
   30.008844   51.507863
   30.010355   51.508810
   30.012226   51.509411
   30.014978   51.509583
   30.027194   51.507863
   30.032053   51.508006
   30.035677   51.508441
   30.037594   51.508289
   30.046808   51.504796
   30.052831   51.503145
   30.072120   51.503426
   30.085169   51.500477
   30.092367   51.499158
   30.110269   51.494400
   30.113959   51.492453
   30.117448   51.491985
   30.118677   51.492523
   30.114156   51.504800
   30.115122   51.506932
   30.117504   51.508501
   30.124696   51.510502
   30.128595   51.510561
   30.133747   51.509757
   30.137220   51.508363
   30.138673   51.507365
   30.139602   51.506123
   30.140444   51.503099
   30.151653   51.497039
   30.158384   51.494856
   30.161808   51.509927
   30.162765   51.511647
   30.164121   51.512692
   30.165888   51.513417
   30.178157   51.516844
   30.181578   51.516948
   30.184645   51.515937
   30.217244   51.496901
   30.242224   51.491925
   30.250706   51.489176
   30.274261   51.473560
   30.277679   51.471800
   30.285695   51.468521
   30.289902   51.468297
   30.293344   51.466703
   30.295291   51.465142
   30.296765   51.463186
   30.299494   51.461239
   30.302088   51.460413
   30.303876   51.459247
   30.311419   51.451734
   30.314806   51.449510
   30.317181   51.445912
   30.321649   51.444194
   30.324838   51.442240
   30.325884   51.441086
   30.328112   51.437041
   30.330057   51.436225
   30.332079   51.434573
   30.334080   51.433602
   30.338869   51.429886
   30.346395   51.428864
   30.353794   51.427296
   30.356111   51.426448
   30.357431   51.425459
   30.358264   51.424260
   30.358539   51.422953
   30.357718   51.420835
   30.355495   51.419221
   30.351579   51.418056
   30.352497   51.416651
   30.353533   51.413070
   30.354892   51.399970
   30.357802   51.392987
   30.360279   51.391630
   30.361426   51.390107
   30.362523   51.386209
   30.363529   51.384391
   30.364347   51.379045
   30.364170   51.377672
   30.361810   51.374721
   30.359809   51.373534
   30.350913   51.371920
   30.349577   51.368381
   30.348212   51.366854
   30.335822   51.360621
   30.347801   51.354822
   30.390653   51.327096
   30.396511   51.324555
   30.397594   51.323536
   30.402609   51.316172
   30.414897   51.312559
   30.424828   51.310186
   30.430147   51.310537
   30.439300   51.312768
   30.443896   51.313002
   30.450693   51.311959
   30.465118   51.311033
   30.466990   51.310598
   30.468593   51.309823
   30.470317   51.307969
   30.470534   51.305795
   30.468994   51.302994
   30.465072   51.298563
   30.469573   51.295143
   30.470822   51.291794
   30.470893   51.290440
   30.470355   51.289132
   30.467914   51.286361
   30.462013   51.282291
   30.459941   51.281483
   30.460948   51.279572
   30.461041   51.278029
   30.463416   51.277545
   30.471118   51.279383
   30.487844   51.282423
   30.503299   51.284285
   30.505861   51.284267
   30.508754   51.283373
   30.520755   51.277040
   30.524669   51.274636
   30.540028   51.267549
   30.565726   51.271532
   30.569042   51.274981
   30.572570   51.277608
   30.574872   51.278848
   30.580250   51.280691
   30.585224   51.283186
   30.590097   51.284847
   30.593626   51.285458
   30.598899   51.285243
   30.604763   51.284522
   30.609443   51.287425
   30.611951   51.290234
   30.612140   51.291588
   30.611769   51.293068
   30.610038   51.296026
   30.604885   51.295837
   30.600510   51.296562
   30.598875   51.297164
   30.594827   51.299596
   30.593512   51.300982
   30.592788   51.302616
   30.593080   51.304999
   30.590441   51.306300
   30.587287   51.310133
   30.586816   51.311385
   30.587048   51.313094
   30.587847   51.314270
   30.592071   51.317898
   30.597192   51.321279
   30.607608   51.326174
   30.611968   51.330094
   30.614210   51.333903
   30.618294   51.336326
   30.623380   51.337885
   30.625227   51.338118
   30.628884   51.338217
   30.632262   51.337734
   30.643534   51.337412
   30.645035   51.337438
   30.645830   51.337991
   30.649859   51.343819
   30.649784   51.344325
   30.645391   51.347844
   30.642986   51.348590
   30.630888   51.354799
   30.628466   51.357549
   30.627944   51.360887
   30.628534   51.363778
   30.630200   51.366342
   30.635848   51.370729
   30.641309   51.372956
   30.647446   51.373991
   30.648798   51.375626
   30.647620   51.378166
   30.638532   51.388211
   30.633998   51.394152
   30.631650   51.398360
   30.625753   51.405957
   30.625040   51.407376
   30.624767   51.410022
   30.622629   51.414416
   30.621897   51.416951
   30.618915   51.418244
   30.617010   51.419607
   30.615615   51.421199
   30.614946   51.423448
   30.615948   51.426365
   30.615642   51.426616
   30.613451   51.426564
   30.612175   51.425058
   30.606798   51.421311
   30.603488   51.419909
   30.600586   51.419174
   30.596814   51.418650
   30.593454   51.418785
   30.588293   51.420112
   30.584636   51.422784
   30.580608   51.427588
   30.576852   51.437874
   30.575383   51.440873
   30.572582   51.445080
   30.572194   51.447829
   30.572798   51.449769
   30.574065   51.451725
   30.577682   51.454814
   30.581755   51.457079
   30.588356   51.459967
   30.596552   51.461835
   30.600374   51.463283
   30.603056   51.463629
   30.606429   51.463103
   30.609432   51.463407
   30.612612   51.463190
   30.614571   51.463696
   30.615492   51.464218
   30.615863   51.466179
   30.615795   51.466980
   30.605461   51.466110
   30.602334   51.466471
   30.592983   51.469874
   30.587613   51.473592
   30.583311   51.477973
   30.581623   51.481154
   30.581107   51.484425
   30.581054   51.494055
   30.579377   51.496913
   30.577388   51.499297
   30.575478   51.500817
   30.566895   51.505561
   30.564341   51.507394
   30.561823   51.510130
   30.560936   51.512161
   30.560648   51.515170
   30.561304   51.519681
   30.563185   51.523936
   30.565799   51.527931
   30.573267   51.534812
   30.576552   51.538876
   30.579293   51.540550
   30.576842   51.543855
   30.575903   51.546600
   30.574145   51.548372
   30.572092   51.548148
   30.568981   51.546512
   30.563308   51.542027
   30.561554   51.539733
   30.559517   51.537860
   30.555322   51.535983
   30.551751   51.535557
   30.548209   51.535827
   30.543933   51.536997
   30.540892   51.538436
   30.538988   51.540191
   30.537877   51.541945
   30.537193   51.546626
   30.535671   51.550062
   30.534264   51.551578
   30.528134   51.555551
   30.524222   51.559023
   30.522078   51.561428
   30.520692   51.564535
   30.519949   51.569382
   30.520500   51.571951
   30.522554   51.574781
   30.525935   51.577242
   30.527850   51.578136
   30.524539   51.579253
   30.522762   51.580346
   30.516830   51.586128
   30.510953   51.588195
   30.504861   51.591407
   30.502155   51.593543
   30.499776   51.596681
   30.499356   51.599051
   30.499753   51.601211
   30.501300   51.604049
   30.505061   51.606675
   30.507938   51.607962
   30.510589   51.608608
   30.516505   51.609017
   30.521006   51.608378
   30.524977   51.607251
   30.528222   51.606794
   30.530628   51.608211
   30.525031   51.612891
   30.523734   51.615191
   30.523626   51.618327
   30.513476   51.620059
   30.506748   51.622100
   30.503920   51.623791
   30.502194   51.627054
   30.502028   51.628571
   30.502953   51.634618
   30.504526   51.638278
   30.507357   51.642686
   30.508603   51.643839
   30.511790   51.645736
   30.515848   51.647243
   30.521327   51.648356
   30.526531   51.655471
   30.516880   51.658276
   30.513876   51.659832
   30.512592   51.660965
   30.510806   51.663906
   30.510233   51.667489
   30.512029   51.672362
   30.515725   51.677281
   30.518593   51.679750
   30.524089   51.681609
   30.532011   51.681916
   30.537559   51.680738
   30.539790   51.679703
   30.542415   51.677615
   30.543678   51.675120
   30.546564   51.673856
   30.553476   51.668065
   30.555079   51.667447
   30.557776   51.666954
   30.560443   51.666842
   30.561423   51.668162
   30.563712   51.669912
   30.563593   51.672484
   30.567464   51.683281
   30.562522   51.687346
   30.558648   51.691129
   30.553144   51.699820
   30.552853   51.702640
   30.553880   51.705616
   30.557631   51.709533
   30.562546   51.712438
   30.570610   51.715214
   30.575009   51.715986
   30.583684   51.716198
   30.594686   51.714791
   30.606228   51.712397
   30.613482   51.712926
   30.615323   51.713362
   30.616552   51.713787
   30.618804   51.715483
   30.619238   51.721960
   30.617330   51.728645
   30.617382   51.730887
   30.618305   51.733418
   30.620385   51.736010
   30.625549   51.740464
   30.636664   51.747654
   30.642282   51.752761
   30.643338   51.754492
   30.644341   51.759555
   30.642104   51.760642
   30.639162   51.760551
   30.638072   51.760353
   30.630684   51.756996
   30.624431   51.755183
   30.619128   51.754541
   30.613796   51.755237
   30.609185   51.757587
   30.606560   51.760797
   30.605685   51.764197
   30.607396   51.768531
   30.610355   51.772176
   30.614484   51.774831
   30.616463   51.775506
   30.623037   51.776896
   30.626021   51.778341
   30.627868   51.779703
   30.630232   51.780540
   30.632227   51.780733
   30.634220   51.780531
   30.645818   51.777310
   30.648840   51.776738
   30.647663   51.778581
   30.647589   51.781532
   30.649047   51.786492
   30.650142   51.787561
   30.652221   51.788587
   30.658681   51.789371
   30.660665   51.790286
   30.663329   51.792884
   30.665401   51.799065
   30.664742   51.801056
   30.663409   51.802785
   30.658931   51.806424
   30.657022   51.809455
   30.654696   51.811746
   30.653932   51.813170
   30.650664   51.815549
   30.646522   51.820446
   30.645767   51.822196
   30.645503   51.824383
   30.646587   51.826883
   30.649627   51.829726
   30.657530   51.832727
   30.660216   51.834756
   30.662999   51.835934
   30.668073   51.837369
   30.675726   51.838737
   30.678241   51.838580
   30.681622   51.837537
   30.685689   51.838515
   30.688869   51.840050
   30.690467   51.842187
   30.691621   51.844947
   30.692475   51.848953
   30.692520   51.854138
   30.694003   51.858663
   30.700795   51.870495
   30.702008   51.871622
   30.703679   51.872452
   30.715905   51.876442
   30.716685   51.876981
   30.718722   51.879967
   30.720157   51.880978
   30.721987   51.881652
   30.726076   51.882371
   30.730900   51.884129
   30.733947   51.886421
   30.736576   51.892780
   30.735545   51.895385
   30.735962   51.897552
   30.739577   51.902293
   30.744281   51.906354
   30.746773   51.907678
   30.751022   51.908693
   30.756936   51.908589
   30.775064   51.905163
   30.780418   51.904534
   30.788549   51.902638
   30.793992   51.901742
   30.796937   51.901947
   30.797784   51.906928
   30.799130   51.908916
   30.802198   51.911489
   30.807456   51.914794
   30.810779   51.917399
   30.818113   51.921278
   30.817404   51.923566
   30.805716   51.934641
   30.798880   51.945054
   30.798361   51.946339
   30.798582   51.948102
   30.800924   51.950604
   30.803775   51.952208
   30.809873   51.954569
   30.810884   51.956416
   30.812584   51.958176
   30.814737   51.959510
   30.816382   51.960107
   30.819119   51.960563
   30.822890   51.960514
   30.827333   51.959296
   30.829043   51.958394
   30.828677   51.960075
   30.829067   51.961890
   30.831286   51.964467
   30.834658   51.966146
   30.836673   51.966645
   30.840785   51.966847
   30.845254   51.965950
   30.848071   51.970771
   30.851174   51.973676
   30.852698   51.974691
   30.856685   51.976379
   30.861694   51.977089
   30.866243   51.976353
   30.869713   51.974637
   30.874215   51.971394
   30.877047   51.971437
   30.884537   51.972417
   30.879751   51.976894
   30.878161   51.978991
   30.877183   51.982527
   30.877862   51.985045
   30.880626   51.988107
   30.884730   51.990164
   30.890309   51.990882
   30.887371   51.993232
   30.885625   51.996711
   30.885847   51.999460
   30.888962   52.004523
   30.890923   52.006180
   30.892529   52.006912
   30.896496   52.008123
   30.900358   52.008596
   30.905768   52.012473
   30.909103   52.013488
   30.913426   52.013893
   30.916943   52.017571
   30.920427   52.019343
   30.923228   52.020028
   30.925202   52.020175
   30.929005   52.019842
   30.931975   52.018948
   30.932480   52.021390
   30.933192   52.022562
   30.934759   52.024024
   30.937553   52.025579
   30.933664   52.027653
   30.930297   52.031030
   30.927168   52.036586
   30.926581   52.039630
   30.927489   52.042785
   30.929326   52.045035
   30.933744   52.047715
   30.938717   52.049247
   30.941857   52.054046
   30.941790   52.055345
   30.939695   52.057516
   30.933351   52.059731
   30.930188   52.061990
   30.928428   52.064163
   30.927295   52.066462
   30.925457   52.070690
   30.925360   52.072642
   30.926137   52.074782
   30.927865   52.077039
   30.930899   52.078974
   30.933598   52.079894
   30.937489   52.080398
   30.940463   52.080182
   30.942325   52.079816
   30.945977   52.078431
   30.945336   52.082224
   30.943766   52.084736
   30.942892   52.089693
   30.943717   52.091837
   30.945976   52.093464
   30.949129   52.094187
   30.952937   52.093848
   30.955676   52.094939
   30.958264   52.095371
   30.967686   52.094446
   30.969432   52.093834
   30.970840   52.092915
   30.972133   52.090923
   30.972170   52.089613
   30.970551   52.084789
   30.978321   52.083361
   30.991467   52.082747
   30.994721   52.083771
   31.003763   52.085082
   31.014293   52.087209
   31.019169   52.087377
   31.021529   52.087038
   31.035934   52.090268
   31.048847   52.090324
   31.056924   52.092991
   31.063889   52.094022
   31.068952   52.095167
   31.072136   52.095109
   31.076542   52.095638
   31.091052   52.093964
   31.096980   52.094043
   31.103955   52.096901
   31.109856   52.098713
   31.114204   52.100657
   31.119474   52.101191
   31.120557   52.102439
   31.122069   52.103347
   31.133906   52.107493
   31.136516   52.107829
   31.141484   52.107516
   31.144330   52.106563
   31.149443   52.102858
   31.151232   52.099935
   31.151475   52.097943
   31.153167   52.093525
   31.156059   52.091647
   31.157125   52.090299
   31.159756   52.089722
   31.162111   52.088293
   31.163120   52.086731
   31.163148   52.084264
   31.164461   52.082839
   31.169653   52.081961
   31.172613   52.080935
   31.176167   52.080546
   31.178839   52.080618
   31.184493   52.079932
   31.194314   52.079902
   31.196920   52.079200
   31.199735   52.079084
   31.209939   52.077335
   31.215445   52.076178
   31.219341   52.074908
   31.221703   52.073270
   31.222570   52.071077
   31.220791   52.065216
   31.218821   52.063045
   31.219397   52.062103
   31.222503   52.060288
   31.223923   52.058792
   31.224369   52.057049
   31.223546   52.054985
   31.235250   52.053362
   31.241104   52.050862
   31.253376   52.047096
   31.292732   52.055373
   31.312480   52.081028
   31.306134   52.083816
   31.304588   52.085813
   31.304526   52.087615
   31.305185   52.088898
   31.306388   52.089995
   31.312885   52.092526
   31.314659   52.094024
   31.315824   52.095973
   31.315836   52.100955
   31.317610   52.103918
   31.318766   52.108021
   31.320715   52.109854
   31.323751   52.110841
   31.327740   52.110944
   31.339908   52.112921
   31.368445   52.118880
   31.373005   52.122724
   31.374824   52.123369
   31.378515   52.123987
   31.373782   52.128465
   31.370429   52.132714
   31.370327   52.134448
   31.370906   52.135695
   31.372731   52.137403
   31.374326   52.138207
   31.379739   52.139136
   31.386313   52.138602
   31.389100   52.141018
   31.392625   52.143156
   31.396615   52.144351
   31.399161   52.146213
   31.401611   52.147036
   31.404029   52.147239
   31.410936   52.146516
   31.415283   52.146512
   31.417252   52.146128
   31.420697   52.144868
   31.424597   52.145627
   31.426262   52.146929
   31.427965   52.147593
   31.429884   52.147906
   31.432723   52.147898
   31.435767   52.147304
   31.437459   52.146583
   31.441923   52.146313
   31.446126   52.144688
   31.451082   52.145229
   31.454719   52.144601
   31.456331   52.143985
   31.458620   52.142488
   31.460418   52.140337
   31.462016   52.133293
   31.464699   52.131819
   31.465912   52.130736
   31.468915   52.125043
   31.473673   52.124803
   31.478742   52.123945
   31.481912   52.122553
   31.486089   52.121318
   31.487328   52.121254
   31.491482   52.122032
   31.495584   52.122073
   31.499522   52.123947
   31.503721   52.124613
   31.508409   52.126309
   31.513163   52.128714
   31.518242   52.129730
   31.526037   52.128604
   31.537001   52.128861
   31.548160   52.125013
   31.553984   52.125254
   31.564065   52.124971
   31.584238   52.122162
   31.593441   52.119558
   31.596073   52.120189
   31.598689   52.120092
   31.607885   52.116668
   31.614345   52.118845
   31.622823   52.119361
   31.652077   52.118715
   31.657832   52.120949
   31.659683   52.121325
   31.661619   52.121340
   31.666669   52.120210
   31.668615   52.119452
   31.673573   52.119159
   31.681195   52.117678
   31.687135   52.116079
   31.696305   52.114862
   31.698536   52.114043
   31.701816   52.111567
   31.707887   52.111540
   31.711117   52.111902
   31.716823   52.111291
   31.718972   52.110326
   31.720667   52.108804
   31.723727   52.103443
   31.725998   52.101303
   31.745443   52.108108
   31.751060   52.109156
   31.754408   52.109324
   31.765666   52.114747
   31.771917   52.116313
   31.779052   52.116272
   31.786789   52.116675
   31.790219   52.116257
   31.796120   52.113248
   31.798510   52.111646
   31.799516   52.110535
   31.800335   52.108336
   31.802008   52.106606
   31.805356   52.105481
   31.809065   52.104722
   31.812895   52.103357
   31.819043   52.103091
   31.825057   52.105723
   31.828736   52.108030
   31.833904   52.109260
   31.844136   52.114212
   31.857810   52.115602
   31.862155   52.114909
   31.864925   52.115340
   31.869250   52.114897
   31.875392   52.112720
   31.881525   52.112309
   31.890141   52.110383
   31.894595   52.110112
   31.904980   52.106856
   31.912192   52.102860
   31.919512   52.101090
   31.925793   52.097906
   31.928178   52.096927
   31.930607   52.096370
   31.935492   52.094158
   31.942306   52.088047
   31.944465   52.087642
   31.946406   52.086716
   31.950348   52.087105
   31.955605   52.086263
   31.957865   52.085528
   31.959209   52.084646
   31.966415   52.077034
   31.967232   52.075776
   31.967374   52.073957
   31.964774   52.067182
   31.962852   52.065023
   31.950309   52.058501
   31.948523   52.054622
   31.947214   52.053584
   31.945470   52.052842
   31.946181   52.052456
   31.949616   52.051673
   31.951819   52.052344
   31.953372   52.054123
   31.956198   52.056032
   31.959614   52.057373
   31.962219   52.057720
   31.975042   52.056919
   32.015275   52.053305
   32.020630   52.053769
   32.026473   52.052851
   32.038479   52.048513
   32.046542   52.043977
   32.050076   52.043735
   32.067178   52.039419
   32.084017   52.039144
   32.089266   52.038747
   32.089307   52.044912
   32.090313   52.046557
   32.092197   52.047819
   32.100784   52.050098
   32.123592   52.050418
   32.127244   52.056163
   32.128772   52.057620
   32.130414   52.058393
   32.132324   52.058815
   32.134336   52.058848
   32.137394   52.058411
   32.137002   52.061516
   32.138083   52.063417
   32.139713   52.064587
   32.139668   52.066907
   32.140425   52.070225
   32.141566   52.071684
   32.143411   52.072900
   32.145809   52.073570
   32.149166   52.073731
   32.152344   52.075563
   32.155286   52.076247
   32.157542   52.076165
   32.159570   52.075702
   32.161486   52.076231
   32.165046   52.076502
   32.168861   52.075961
   32.172138   52.075978
   32.174425   52.075298
   32.178551   52.076079
   32.181196   52.076954
   32.183137   52.077103
   32.192822   52.075471
   32.194525   52.076445
   32.196366   52.076975
   32.198232   52.078221
   32.201407   52.079257
   32.203660   52.081581
   32.207414   52.083659
   32.215336   52.086208
   32.217725   52.088880
   32.219808   52.090506
   32.221484   52.091256
   32.225497   52.092108
   32.228273   52.092306
   32.232962   52.091661
   32.235273   52.092757
   32.238678   52.093196
   32.241227   52.093940
   32.243117   52.094072
   32.246960   52.093738
   32.248542   52.094621
   32.251409   52.095468
   32.255356   52.095695
   32.257155   52.096778
   32.260521   52.097771
   32.262378   52.099262
   32.267413   52.101591
   32.269897   52.102083
   32.273256   52.102148
   32.274481   52.103252
   32.276049   52.104025
   32.280030   52.104605
   32.281649   52.106495
   32.284680   52.107715
   32.285470   52.110476
   32.288554   52.112863
   32.288550   52.113879
   32.286792   52.116768
   32.286633   52.118520
   32.287985   52.122458
   32.290049   52.124183
   32.293310   52.125321
   32.296624   52.125571
   32.298525   52.126298
   32.300433   52.126611
   32.303035   52.126448
   32.305369   52.125765
   32.309102   52.126276
   32.311539   52.126197
   32.311596   52.127765
   32.312743   52.130895
   32.313406   52.136873
   32.314598   52.139042
   32.316398   52.140301
   32.318148   52.140898
   32.320739   52.141135
   32.323275   52.140707
   32.325812   52.139726
   32.327463   52.141857
   32.329870   52.143814
   32.332145   52.144812
   32.335033   52.145366
   32.357048   52.145021
   32.359689   52.146510
   32.361615   52.148403
   32.360178   52.151652
   32.348465   52.152036
   32.335493   52.151853
   32.332789   52.149311
   32.332074   52.147734
   32.330894   52.146651
   32.328049   52.145496
   32.325386   52.145310
   32.323430   52.145629
   32.321699   52.146313
   32.317529   52.149846
   32.317040   52.151128
   32.317131   52.152448
   32.317794   52.153695
   32.319180   52.154888
   32.319898   52.156734
   32.319958   52.157403
   32.318811   52.158785
   32.318442   52.160092
   32.319969   52.164901
   32.323591   52.168260
   32.324308   52.170088
   32.326201   52.171611
   32.326997   52.173011
   32.328395   52.174349
   32.327831   52.176254
   32.328802   52.178533
   32.330546   52.179865
   32.332831   52.180652
   32.333518   52.182522
   32.334842   52.183923
   32.339878   52.186388
   32.339488   52.190768
   32.338807   52.193042
   32.336336   52.194977
   32.326135   52.199696
   32.324163   52.201586
   32.323620   52.205263
   32.322826   52.206991
   32.318640   52.212592
   32.317876   52.214448
   32.317602   52.224135
   32.318828   52.226342
   32.336574   52.242965
   32.338320   52.244092
   32.341343   52.247418
   32.343332   52.248574
   32.346498   52.249179
   32.349110   52.248903
   32.360380   52.244485
   32.369500   52.245628
   32.379838   52.244936
   32.384702   52.246151
   32.388480   52.248951
   32.384451   52.251229
   32.382189   52.254440
   32.381786   52.256272
   32.380423   52.258554
   32.380431   52.260087
   32.376270   52.269770
   32.372669   52.269356
   32.369571   52.270096
   32.365684   52.272830
   32.363129   52.275331
   32.360190   52.283403
   32.359859   52.286684
   32.360247   52.289246
   32.359049   52.290921
   32.358849   52.293578
   32.357645   52.295688
   32.356266   52.300823
   32.348661   52.311333
   32.345476   52.314629
   32.344916   52.315894
   32.345062   52.317643
   32.349590   52.329388
   32.350717   52.330960
   32.355491   52.333562
   32.373979   52.341745
   32.376647   52.342092
   32.388418   52.342072
   32.390907   52.341513
   32.393886   52.339914
   32.396316   52.341551
   32.398060   52.342263
   32.400045   52.342600
   32.402755   52.342417
   32.408289   52.341252
   32.409910   52.340617
   32.433401   52.328234
   32.435255   52.326717
   32.439003   52.327717
   32.457719   52.331217
   32.461266   52.331364
   32.463617   52.330843
   32.468799   52.328532
   32.472226   52.328593
   32.474679   52.327952
   32.488863   52.320574
   32.493355   52.323542
   32.495263   52.328770
   32.496192   52.329952
   32.498156   52.331155
   32.500008   52.331675
   32.520874   52.332503
   32.538820   52.330721
   32.547930   52.331406
   32.550968   52.331358
   32.552950   52.331002
   32.555177   52.329954
   32.577098   52.312778
   32.578780   52.310790
   32.581912   52.305660
   32.586820   52.306360
   32.590589   52.307923
   32.593001   52.308460
   32.599872   52.308557
   32.604775   52.309506
   32.609185   52.309187
   32.611499   52.308576
   32.615224   52.306301
   32.616967   52.304286
   32.624275   52.301807
   32.627375   52.301246
   32.628934   52.300542
   32.642725   52.290588
   32.654835   52.287242
   32.665644   52.282916
   32.672349   52.279712
   32.675781   52.277607
   32.676960   52.275837
   32.680714   52.274896
   32.690321   52.269238
   32.691579   52.267770
   32.695603   52.259968
   32.702612   52.259100
   32.704343   52.258464
   32.705828   52.257420
   32.712137   52.262319
   32.714272   52.263292
   32.716150   52.263634
   32.718098   52.263609
   32.725789   52.261962
   32.751505   52.271200
   32.754268   52.271752
   32.757783   52.271527
   32.760065   52.270682
   32.765395   52.266660
   32.766741   52.265170
   32.767459   52.263640
   32.770393   52.264498
   32.773373   52.264489
   32.775010   52.265512
   32.776708   52.266099
   32.796259   52.269900
   32.799933   52.269894
   32.801901   52.269559
   32.814022   52.265191
   32.827645   52.281796
   32.829011   52.282774
   32.830748   52.283445
   32.834157   52.283760
   32.858124   52.279071
   32.884735   52.278555
   32.886758   52.278310
   32.888579   52.277676
   32.890411   52.276330
   32.891554   52.274669
   32.892425   52.269209
   32.890115   52.264091
   32.887119   52.259200
   32.892191   52.250447
   32.901149   52.249904
   32.902804   52.250157
   32.904505   52.252773
   32.906444   52.254066
   32.923351   52.261814
   32.939830   52.267507
   32.958831   52.277784
   32.961387   52.278152
   32.983012   52.278429
   32.989308   52.277020
   32.990188   52.279312
   32.992579   52.280951
   32.989711   52.287576
   32.989984   52.289340
   32.991258   52.290899
   32.992759   52.291788
   32.994584   52.292347
   33.004332   52.293586
   33.014074   52.297125
   33.016584   52.299138
   33.018078   52.302028
   33.019831   52.303404
   33.025971   52.305567
   33.037290   52.310182
   33.036382   52.314067
   33.036993   52.316233
   33.038092   52.317348
   33.039632   52.318202
   33.049656   52.321440
   33.047688   52.324733
   33.047809   52.326912
   33.050561   52.330592
   33.054779   52.333988
   33.056461   52.334795
   33.059814   52.335290
   33.064469   52.334798
   33.066783   52.333891
   33.068450   52.332362
   33.070069   52.331899
   33.072040   52.332029
   33.073994   52.331776
   33.075754   52.331159
   33.077172   52.330232
   33.079732   52.325921
   33.079602   52.322614
   33.078597   52.319116
   33.080090   52.317281
   33.080078   52.314943
   33.091575   52.323571
   33.102101   52.329916
   33.103850   52.330631
   33.105841   52.330968
   33.107893   52.330897
   33.109662   52.330475
   33.112302   52.331927
   33.119882   52.338960
   33.122053   52.340518
   33.122590   52.343091
   33.123492   52.344350
   33.124930   52.345367
   33.127311   52.346385
   33.128703   52.347889
   33.130599   52.348943
   33.135356   52.350302
   33.138525   52.350307
   33.147555   52.348217
   33.151675   52.345642
   33.156405   52.343358
   33.163533   52.344520
   33.163353   52.352268
   33.164596   52.361819
   33.165466   52.363991
   33.167157   52.365555
   33.164669   52.367760
   33.163139   52.371039
   33.163152   52.373712
   33.163729   52.375007
   33.165339   52.376450
   33.168321   52.377491
   33.181894   52.377896
   33.182105   52.380775
   33.183822   52.382715
   33.186736   52.383867
   33.191950   52.384253
   33.197590   52.383835
   33.200045   52.383081
   33.202184   52.381354
   33.202864   52.378928
   33.204424   52.379880
   33.206263   52.380449
   33.208273   52.380634
   33.210276   52.380418
   33.219676   52.377736
   33.224033   52.377140
   33.243886   52.372581
   33.249221   52.371653
   33.291564   52.361902
   33.298801   52.359093
   33.304527   52.356484
   33.308075   52.358505
   33.313510   52.359441
   33.322669   52.359469
   33.332247   52.357196
   33.336733   52.357202
   33.339435   52.356654
   33.346403   52.357245
   33.348232   52.359967
   33.356514   52.367162
   33.358232   52.367820
   33.360827   52.368139
   33.363409   52.367781
   33.365397   52.366919
   33.366516   52.369240
   33.366717   52.371407
   33.368420   52.373369
   33.371342   52.374538
   33.380406   52.376163
   33.397141   52.374488
   33.410849   52.370604
   33.412336   52.369686
   33.413349   52.368518
   33.413799   52.367204
   33.413486   52.365489
   33.418804   52.364976
   33.421065   52.363974
   33.422271   52.362878
   33.424481   52.358643
   33.424153   52.356854
   33.423209   52.355632
   33.423637   52.352585
   33.431207   52.349932
   33.435511   52.349212
   33.433239   52.350970
   33.432559   52.353065
   33.433121   52.354744
   33.436041   52.358286
   33.438579   52.360006
   33.442400   52.361451
   33.444706   52.361829
   33.449802   52.368147
   33.451814   52.369267
   33.453663   52.369727
   33.455634   52.369817
   33.457561   52.369528
   33.461774   52.367608
   33.464251   52.367795
   33.466793   52.367334
   33.474707   52.363404
   33.484935   52.362557
   33.492090   52.361495
   33.495004   52.360774
   33.500903   52.361394
   33.506799   52.362481
   33.511219   52.362360
   33.522126   52.358636
   33.524606   52.356720
   33.525837   52.351763
   33.525478   52.350508
   33.524372   52.349170
   33.524098   52.347842
   33.525888   52.345969
   33.526479   52.344707
   33.526016   52.341298
   33.523451   52.338604
   33.520540   52.336558
   33.519965   52.335141
   33.519911   52.332671
   33.519043   52.331457
   33.517676   52.330465
   33.514293   52.329278
   33.509545   52.328732
   33.507039   52.328032
   33.505050   52.327943
   33.502468   52.327094
   33.495889   52.326652
   33.495168   52.321286
   33.490359   52.316561
   33.489976   52.315444
   33.492628   52.315397
   33.497460   52.316520
   33.500677   52.316227
   33.503324   52.314981
   33.507810   52.310824
   33.525997   52.311984
   33.528643   52.311430
   33.534096   52.308913
   33.555889   52.307137
   33.558311   52.310563
   33.555161   52.311451
   33.552787   52.312505
   33.549662   52.314215
   33.548390   52.315418
   33.541025   52.317103
   33.538799   52.318804
   33.538170   52.320098
   33.537331   52.324733
   33.538192   52.326402
   33.540502   52.327978
   33.542340   52.328503
   33.544329   52.328652
   33.546297   52.328412
   33.549118   52.327427
   33.551643   52.327570
   33.553743   52.327344
   33.571249   52.320513
   33.576307   52.324126
   33.580966   52.325965
   33.583274   52.326510
   33.585854   52.328744
   33.589744   52.330708
   33.591635   52.331257
   33.597401   52.335273
   33.599090   52.337202
   33.600717   52.338015
   33.606338   52.339246
   33.609576   52.339375
   33.611910   52.340073
   33.616270   52.340775
   33.618480   52.341328
   33.620149   52.342291
   33.623700   52.343330
   33.630409   52.343378
   33.636486   52.344253
   33.643241   52.344160
   33.649753   52.345523
   33.654285   52.346079
   33.661251   52.348558
   33.664182   52.348995
   33.667109   52.350740
   33.671719   52.351964
   33.671327   52.355187
   33.673090   52.357770
   33.676102   52.359682
   33.680624   52.361542
   33.683164   52.362196
   33.685286   52.362441
   33.690505   52.362147
   33.697190   52.363119
   33.700317   52.365042
   33.705345   52.366908
   33.707471   52.367337
   33.718074   52.367303
   33.720582   52.366757
   33.722589   52.365620
   33.728369   52.358348
   33.732742   52.358750
   33.735869   52.360513
   33.737807   52.361134
   33.743786   52.361554
   33.745931   52.364325
   33.748766   52.365619
   33.770354   52.367788
   33.775436   52.369886
   33.784181   52.371041
   33.792928   52.371231
   33.805391   52.370803
   33.818855   52.367891
   33.822264   52.368580
   33.826404   52.368387
   33.839277   52.365512
   33.841948   52.364085
   33.844907   52.360087
   33.845498   52.358702
   33.845587   52.353352
   33.844618   52.350469
   33.844956   52.349688
   33.848368   52.347829
   33.849352   52.346637
   33.849791   52.344843
   33.857221   52.339358
   33.860446   52.336313
   33.861784   52.334273
   33.862041   52.332189
   33.860739   52.329522
   33.855410   52.325630
   33.848895   52.321796
   33.876003   52.311406
   33.880058   52.312093
   33.896705   52.312166
   33.899743   52.311487
   33.902288   52.310018
   33.903829   52.311378
   33.905510   52.312118
   33.909273   52.312998
   33.911339   52.313114
   33.913995   52.312625
   33.925644   52.308423
   33.927371   52.306899
   33.931387   52.301081
   33.932233   52.297173
   33.936484   52.294191
   33.940410   52.293635
   33.942713   52.292586
   33.950173   52.286244
   33.951354   52.284683
   33.951601   52.283379
   33.950993   52.281133
   33.952614   52.274157
   33.950143   52.267269
   33.949432   52.257341
   33.947536   52.253615
   33.948779   52.253418
   33.950923   52.253827
   33.953483   52.253697
   33.957679   52.252116
   33.959876   52.252390
   33.961791   52.252233
   33.964636   52.251458
   33.966118   52.250648
   33.967897   52.248769
   33.968571   52.247485
   33.968639   52.246127
   33.968095   52.244816
   33.965979   52.243050
   33.968226   52.240655
   33.968645   52.238649
   33.972767   52.237205
   33.975469   52.236605
   33.980020   52.238615
   33.982075   52.238869
   33.984150   52.238699
   33.993756   52.235456
   34.005346   52.230526
   34.007817   52.227695
   34.008896   52.224898
   34.009060   52.222935
   34.008567   52.219490
   34.006147   52.212007
   34.018739   52.206292
   34.023954   52.205967
   34.039384   52.206680
   34.047916   52.205388
   34.052250   52.205902
   34.054280   52.205814
   34.056757   52.205092
   34.058227   52.204158
   34.059563   52.202107
   34.059914   52.198502
   34.066221   52.190315
   34.067422   52.187588
   34.070483   52.185906
   34.071814   52.183886
   34.071934   52.181703
   34.071375   52.180413
   34.065573   52.175558
   34.062442   52.171757
   34.064896   52.169196
   34.067231   52.167187
   34.071494   52.165412
   34.079199   52.159265
   34.091029   52.159339
   34.093664   52.158814
   34.113294   52.148002
   34.120906   52.144503
   34.122225   52.143514
   34.123212   52.141884
   34.123293   52.140565
   34.122795   52.139286
   34.119792   52.136582
   34.117562   52.122536
   34.116868   52.120971
   34.111359   52.116031
   34.108112   52.114072
   34.106607   52.111397
   34.103482   52.108671
   34.100690   52.107572
   34.098643   52.107255
   34.096577   52.107336
   34.095205   52.106959
   34.095328   52.105213
   34.094660   52.103364
   34.105588   52.095819
   34.106667   52.093735
   34.106132   52.091559
   34.105074   52.090429
   34.102554   52.088780
   34.100542   52.083533
   34.098702   52.081704
   34.097038   52.080966
   34.095123   52.080580
   34.087228   52.080300
   34.076757   52.074790
   34.080724   52.074940
   34.082631   52.074720
   34.084884   52.073895
   34.086181   52.072942
   34.087550   52.070150
   34.089329   52.059795
   34.091291   52.058088
   34.096138   52.056783
   34.098688   52.055253
   34.099703   52.053550
   34.100139   52.049803
   34.101990   52.048548
   34.103827   52.045731
   34.106381   52.044580
   34.107997   52.042616
   34.108131   52.040821
   34.107200   52.039133
   34.100181   52.034779
   34.101709   52.033000
   34.102160   52.031671
   34.101803   52.029877
   34.099317   52.026571
   34.100881   52.012430
   34.103810   52.009422
   34.111037   52.011252
   34.113081   52.011239
   34.115895   52.010566
   34.119271   52.011404
   34.126748   52.010921
   34.130844   52.009390
   34.135128   52.008760
   34.136983   52.008108
   34.139146   52.006611
   34.140573   52.004762
   34.145393   52.002599
   34.147250   52.000240
   34.147255   51.998067
   34.144506   51.994276
   34.141226   51.987107
   34.137148   51.983795
   34.142374   51.977312
   34.144883   51.976935
   34.147100   51.975896
   34.148261   51.974782
   34.148982   51.973027
   34.153504   51.973952
   34.162337   51.974494
   34.164957   51.974967
   34.177434   51.975278
   34.186461   51.973803
   34.191606   51.973368
   34.193398   51.972806
   34.194871   51.971925
   34.195899   51.970800
   34.196697   51.969065
   34.198141   51.960876
   34.200879   51.957371
   34.201537   51.955373
   34.208046   51.949458
   34.209897   51.947120
   34.210400   51.945393
   34.209942   51.943463
   34.213511   51.941450
   34.215940   51.941009
   34.218015   51.940111
   34.219652   51.938604
   34.220268   51.937137
   34.222836   51.936248
   34.224162   51.935258
   34.225237   51.933669
   34.226592   51.932985
   34.229855   51.932073
   34.231925   51.930302
   34.232489   51.928543
   34.232202   51.927203
   34.227747   51.921493
   34.234185   51.917919
   34.248917   51.920639
   34.252325   51.920456
   34.254685   51.919524
   34.266089   51.912623
   34.267644   51.911234
   34.268299   51.909560
   34.267959   51.907844
   34.265575   51.905072
   34.262982   51.903260
   34.263660   51.901434
   34.265005   51.899482
   34.265199   51.898172
   34.264565   51.896474
   34.262211   51.894416
   34.265335   51.890879
   34.265750   51.889598
   34.265593   51.888292
   34.264880   51.887071
   34.263668   51.886036
   34.258469   51.883951
   34.260657   51.883547
   34.261912   51.884198
   34.266135   51.888055
   34.268359   51.889486
   34.269897   51.891302
   34.271446   51.892130
   34.273290   51.892626
   34.304026   51.891727
   34.306618   51.891286
   34.308282   51.890537
   34.309545   51.889498
   34.310545   51.887204
   34.312615   51.886088
   34.316490   51.883213
   34.323551   51.879884
   34.325842   51.879743
   34.328163   51.878989
   34.331719   51.876967
   34.333248   51.874738
   34.346339   51.869968
   34.351214   51.867513
   34.355418   51.866668
   34.357436   51.865719
   34.363248   51.864082
   34.367315   51.862406
   34.370797   51.859687
   34.371483   51.858020
   34.371320   51.856660
   34.373936   51.855269
   34.375451   51.853811
   34.375981   51.851634
   34.374979   51.849608
   34.375581   51.848358
   34.379674   51.848782
   34.383541   51.848579
   34.386287   51.848869
   34.388378   51.848682
   34.390283   51.848079
   34.392459   51.846980
   34.393964   51.845532
   34.394523   51.843812
   34.394001   51.842009
   34.394761   51.840178
   34.399474   51.840425
   34.404513   51.839310
   34.406357   51.838096
   34.408082   51.836022
   34.412293   51.834493
   34.417074   51.830396
   34.420733   51.828731
   34.421978   51.827240
   34.422340   51.825428
   34.421368   51.821202
   34.421612   51.819099
   34.420768   51.817528
   34.422463   51.816050
   34.423153   51.814869
   34.423802   51.810356
   34.423711   51.808068
   34.422088   51.804750
   34.420874   51.800042
   34.417894   51.795941
   34.415974   51.791178
   34.414761   51.789629
   34.415004   51.788259
   34.416203   51.786734
   34.416646   51.784873
   34.419552   51.783381
   34.422099   51.783315
   34.424630   51.782568
   34.427906   51.780244
   34.429239   51.778192
   34.431642   51.777350
   34.433465   51.776063
   34.435141   51.772503
   34.437260   51.769396
   34.439911   51.768502
   34.442066   51.766710
   34.442932   51.764916
   34.443688   51.761533
   34.444959   51.760020
   34.445398   51.758758
   34.444936   51.756399
   34.443259   51.754682
   34.442912   51.753630
   34.443476   51.752227
   34.443724   51.748568
   34.446258   51.746254
   34.447211   51.744108
   34.447079   51.742033
   34.446517   51.740734
   34.446746   51.738710
   34.445839   51.737059
   34.443041   51.734812
   34.442821   51.731538
   34.440436   51.728246
   34.439174   51.727208
   34.435337   51.725375
   34.432776   51.724886
   34.430341   51.724838
   34.430280   51.723098
   34.429531   51.720894
   34.428475   51.719736
   34.426676   51.718581
   34.421932   51.717480
   34.417477   51.717536
   34.415982   51.716718
   34.413985   51.716136
   34.410423   51.714147
   34.407627   51.713593
   34.405748   51.711893
   34.402760   51.710734
   34.400858   51.710433
   34.398271   51.710609
   34.391922   51.712728
   34.389317   51.712029
   34.386959   51.712031
   34.378392   51.710093
   34.374476   51.709834
   34.370212   51.708315
   34.366657   51.707773
   34.363051   51.707648
   34.361121   51.707840
   34.358161   51.708627
   34.355363   51.708222
   34.353039   51.708388
   34.347793   51.710219
   34.341609   51.708994
   34.333878   51.709240
   34.331929   51.709691
   34.329362   51.710808
   34.320937   51.711115
   34.314978   51.711965
   34.312000   51.712726
   34.309885   51.713978
   34.309064   51.712314
   34.307517   51.710493
   34.304524   51.708518
   34.304232   51.706821
   34.302929   51.705257
   34.300424   51.703764
   34.297795   51.702937
   34.294581   51.701214
   34.292726   51.700692
   34.285923   51.700123
   34.280992   51.700602
   34.275476   51.699025
   34.271464   51.698583
   34.269567   51.698645
   34.266727   51.697294
   34.262198   51.696547
   34.251981   51.697537
   34.249003   51.696417
   34.245721   51.696050
   34.243058   51.694448
   34.239227   51.693087
   34.234549   51.692505
   34.230705   51.692968
   34.227429   51.694364
   34.225428   51.695655
   34.221796   51.696194
   34.218190   51.698034
   34.215326   51.698120
   34.214396   51.697333
   34.210914   51.691775
   34.208861   51.690507
   34.206887   51.689843
   34.204429   51.689432
   34.198849   51.689486
   34.195149   51.690523
   34.192822   51.691616
   34.186004   51.688201
   34.184053   51.687801
   34.177855   51.687438
   34.175721   51.686455
   34.172231   51.685705
   34.169100   51.684452
   34.166847   51.684007
   34.163912   51.682230
   34.160708   51.681565
   34.155728   51.681940
   34.153668   51.682780
   34.152219   51.683887
   34.146881   51.682916
   34.143581   51.683446
   34.141104   51.684714
   34.133456   51.684230
   34.132106   51.682240
   34.129270   51.680621
   34.127377   51.680141
   34.120692   51.679587
   34.118766   51.677662
   34.114012   51.675157
   34.109823   51.673869
   34.107927   51.673727
   34.105953   51.673961
   34.104052   51.673298
   34.103077   51.670939
   34.105616   51.670935
   34.107771   51.670449
   34.109347   51.669702
   34.110839   51.668309
   34.111652   51.665838
   34.111808   51.662383
   34.112566   51.658542
   34.116487   51.653492
   34.132671   51.652802
   34.134466   51.652157
   34.136265   51.650809
   34.137010   51.649548
   34.137135   51.647990
   34.139904   51.648566
   34.142578   51.648638
   34.145130   51.648203
   34.147205   51.647184
   34.150822   51.647420
   34.158305   51.649223
   34.166706   51.650144
   34.170043   51.649715
   34.172225   51.648628
   34.174312   51.646164
   34.176180   51.644969
   34.177158   51.643832
   34.177626   51.642119
   34.176892   51.640011
   34.186142   51.626281
   34.188461   51.602363
   34.210650   51.605007
   34.213338   51.604791
   34.215687   51.603899
   34.217328   51.602471
   34.218409   51.600522
   34.219206   51.593477
   34.220676   51.592518
   34.221806   51.590955
   34.222793   51.581645
   34.232667   51.587929
   34.234979   51.588920
   34.237002   51.589217
   34.239066   51.589098
   34.240981   51.588574
   34.243626   51.587210
   34.253926   51.580121
   34.255520   51.578341
   34.255983   51.576895
   34.255881   51.575489
   34.253415   51.570804
   34.255036   51.569737
   34.256209   51.567798
   34.257362   51.566732
   34.261078   51.564712
   34.263384   51.561229
   34.263514   51.558892
   34.263019   51.557646
   34.262014   51.556543
   34.259498   51.554828
   34.258675   51.553769
   34.259554   51.552812
   34.261563   51.552509
   34.263779   51.551565
   34.265529   51.549725
   34.266304   51.538344
   34.285233   51.539555
   34.288371   51.538817
   34.290474   51.537332
   34.296550   51.537188
   34.299060   51.536631
   34.301060   51.535482
   34.302251   51.533914
   34.302390   51.527391
   34.308416   51.525633
   34.311053   51.524281
   34.313238   51.522249
   34.314313   51.520169
   34.314643   51.514417
   34.313263   51.511913
   34.311206   51.510092
   34.308028   51.508577
   34.304915   51.507746
   34.302711   51.507500
   34.298883   51.507748
   34.298243   51.507551
   34.304323   51.494385
   34.304621   51.493010
   34.303703   51.490794
   34.297766   51.485326
   34.297782   51.479912
   34.297059   51.478256
   34.286301   51.470494
   34.284077   51.469465
   34.282106   51.469117
   34.280068   51.469173
   34.274942   51.470910
   34.271494   51.470758
   34.271513   51.469370
   34.270596   51.467683
   34.266281   51.464435
   34.264589   51.463614
   34.264008   51.459994
   34.262624   51.458037
   34.261180   51.457150
   34.252275   51.453764
   34.252328   51.453302
   34.254350   51.452235
   34.257166   51.450078
   34.260582   51.445542
   34.261558   51.440215
   34.261256   51.438433
   34.260351   51.437225
   34.258949   51.436247
   34.253248   51.434269
   34.253934   51.431552
   34.253777   51.430197
   34.252645   51.428555
   34.251204   51.427589
   34.248739   51.426822
   34.232366   51.425059
   34.234457   51.421823
   34.234691   51.419658
   34.233754   51.418029
   34.231541   51.415724
   34.230214   51.414869
   34.233402   51.410544
   34.233214   51.407987
   34.234250   51.403848
   34.234999   51.403851
   34.239267   51.405351
   34.244241   51.406654
   34.246776   51.406823
   34.249228   51.406364
   34.254172   51.403964
   34.255806   51.402771
   34.258550   51.401980
   34.262896   51.399374
   34.264027   51.398237
   34.265394   51.395575
   34.267696   51.392667
   34.270121   51.391492
   34.272599   51.391873
   34.274527   51.391737
   34.276715   51.393491
   34.278436   51.394109
   34.280350   51.394378
   34.295267   51.392233
   34.296974   51.391505
   34.298282   51.390477
   34.299283   51.388349
   34.298891   51.386579
   34.295477   51.380272
   34.297443   51.382351
   34.299379   51.383512
   34.302243   51.384148
   34.305479   51.383970
   34.309021   51.382921
   34.310958   51.381768
   34.313233   51.378284
   34.313654   51.376987
   34.316696   51.376249
   34.326353   51.372679
   34.330407   51.372863
   34.333101   51.372454
   34.340731   51.369273
   34.342837   51.367581
   34.343935   51.365855
   34.343809   51.363377
   34.343143   51.361923
   34.344365   51.360717
   34.345366   51.358781
   34.345337   51.355146
   34.344521   51.353552
   34.343339   51.352300
   34.340859   51.350701
   34.337198   51.347623
   34.333184   51.346041
   34.328904   51.343255
   34.324303   51.341613
   34.325576   51.340157
   34.326166   51.338001
   34.325311   51.335506
   34.322949   51.333414
   34.323654   51.331390
   34.323460   51.329643
   34.322279   51.328075
   34.320100   51.326240
   34.318585   51.325436
   34.316154   51.324863
   34.312952   51.325047
   34.308131   51.326364
   34.306521   51.327136
   34.304585   51.328747
   34.303601   51.330554
   34.300303   51.329858
   34.296754   51.330199
   34.292704   51.331455
   34.290519   51.332589
   34.295938   51.324472
   34.296502   51.322288
   34.295770   51.320576
   34.294593   51.319488
   34.287891   51.316330
   34.287903   51.313925
   34.288806   51.312743
   34.289153   51.311448
   34.288361   51.308758
   34.286653   51.307339
   34.284241   51.306480
   34.282201   51.306290
   34.276990   51.306660
   34.272990   51.297103
   34.272003   51.295946
   34.270552   51.295030
   34.267456   51.294239
   34.263561   51.294344
   34.261058   51.294796
   34.259255   51.295645
   34.257381   51.294839
   34.255758   51.294531
   34.254028   51.293002
   34.250779   51.291980
   34.249483   51.290823
   34.247379   51.289906
   34.248349   51.288400
   34.257069   51.286484
   34.259342   51.285635
   34.261244   51.283889
   34.261712   51.282626
   34.261618   51.281326
   34.258079   51.273420
   34.256578   51.271927
   34.254320   51.270938
   34.252339   51.270625
   34.250308   51.270714
   34.245865   51.271789
   34.242777   51.271288
   34.240345   51.270458
   34.240322   51.268112
   34.244911   51.268004
   34.246897   51.267624
   34.258193   51.263212
   34.261606   51.261241
   34.263664   51.260719
   34.276399   51.255960
   34.287158   51.253521
   34.294822   51.249300
   34.299992   51.246725
   34.302017   51.246081
   34.303943   51.244684
   34.307663   51.242927
   34.321785   51.243593
   34.328166   51.244238
   34.379503   51.277078
   34.381708   51.278023
   34.384287   51.278346
   34.399683   51.275414
   34.402381   51.275136
   34.409323   51.272884
   34.411487   51.272468
   34.414811   51.271277
   34.419791   51.268576
   34.421117   51.267037
   34.421459   51.265558
   34.432769   51.263109
   34.437221   51.261842
   34.441010   51.264883
   34.442611   51.265660
   34.445704   51.266301
   34.449065   51.265926
   34.452310   51.264141
   34.454886   51.263419
   34.457897   51.262061
   34.460369   51.260418
   34.462144   51.257920
   34.466314   51.255968
   34.469985   51.255511
   34.473760   51.254617
   34.478997   51.252257
   34.480856   51.251941
   34.485035   51.250570
   34.487337   51.249199
   34.509911   51.247107
   34.518221   51.255448
   34.520828   51.256762
   34.523396   51.257131
   34.541174   51.257363
   34.543217   51.257183
   34.545640   51.256334
   34.559536   51.248578
   34.579062   51.239920
   34.594164   51.248998
   34.594810   51.252471
   34.597005   51.255848
   34.599161   51.257415
   34.601520   51.258087
   34.607640   51.257897
   34.609541   51.257324
   34.613245   51.255546
   34.619651   51.254817
   34.623165   51.255524
   34.626653   51.255304
   34.629887   51.255689
   34.632437   51.255405
   34.635704   51.255587
   34.638266   51.255162
   34.640114   51.254326
   34.642810   51.254429
   34.646555   51.253852
   34.649108   51.253039
   34.651970   51.252697
   34.654891   51.251832
   34.658835   51.252272
   34.664569   51.251781
   34.666431   51.251203
   34.668354   51.249915
   34.669206   51.248674
   34.669966   51.245957
   34.675119   51.199709
   34.692869   51.184500
   34.715096   51.177170
   34.726648   51.185817
   34.728289   51.186567
   34.730850   51.187021
   34.732836   51.186914
   34.734691   51.186431
   34.738664   51.184251
   34.742005   51.184022
   34.746969   51.184329
   34.752787   51.185095
   34.754939   51.185005
   34.759199   51.183847
   34.761385   51.182161
   34.764146   51.180941
   34.771064   51.179559
   34.773369   51.180410
   34.774673   51.183215
   34.778053   51.187071
   34.781473   51.188971
   34.784655   51.189472
   34.787823   51.188935
   34.793550   51.185993
   34.795346   51.184638
   34.796156   51.183164
   34.798864   51.182024
   34.801532   51.180275
   34.808311   51.181072
   34.811003   51.180779
   34.812789   51.180109
   34.814194   51.179117
   34.815676   51.177237
   34.816114   51.175739
   34.820274   51.173713
   34.828119   51.173795
   34.827993   51.177773
   34.827159   51.179050
   34.826376   51.182078
   34.826599   51.184037
   34.827573   51.185690
   34.828897   51.186695
   34.830606   51.187400
   34.835706   51.188321
   34.838883   51.190467
   34.839272   51.192652
   34.841102   51.194415
   34.858278   51.202802
   34.860006   51.203412
   34.861925   51.203671
   34.865114   51.203280
   34.868150   51.201792
   34.874498   51.197328
   34.877250   51.198897
   34.882962   51.200434
   34.890311   51.199759
   34.895193   51.198620
   34.897849   51.200436
   34.897163   51.203049
   34.898576   51.205898
   34.899764   51.206928
   34.903441   51.208841
   34.905896   51.209581
   34.911450   51.210420
   34.921860   51.210048
   34.925108   51.209694
   34.927657   51.209931
   34.930804   51.211375
   34.932540   51.212775
   34.932883   51.216926
   34.934742   51.219592
   34.938273   51.221709
   34.941803   51.222740
   34.944244   51.222961
   34.943391   51.224735
   34.943647   51.227317
   34.945252   51.229244
   34.948435   51.231656
   34.952516   51.232714
   34.956567   51.233314
   34.962284   51.235624
   34.966904   51.236352
   34.969205   51.237177
   34.974175   51.238238
   34.976675   51.239507
   34.978600   51.239975
   34.980902   51.240059
   34.983509   51.239519
   34.985587   51.238343
   34.989207   51.235144
   34.992978   51.233791
   34.994735   51.233468
   34.998512   51.234149
   35.002760   51.236028
   35.004657   51.236451
   35.010868   51.236162
   35.013441   51.235602
   35.017352   51.233577
   35.019345   51.230887
   35.022663   51.228793
   35.025555   51.227505
   35.027287   51.225989
   35.028505   51.224170
   35.031431   51.224402
   35.034498   51.224080
   35.040516   51.222236
   35.043210   51.220763
   35.044266   51.219661
   35.044803   51.218406
   35.045146   51.212581
   35.047314   51.213108
   35.050208   51.214524
   35.052053   51.216400
   35.055998   51.218354
   35.054994   51.219762
   35.054461   51.221895
   35.055424   51.225288
   35.058347   51.227992
   35.060519   51.231472
   35.061762   51.232396
   35.065014   51.233937
   35.065204   51.235709
   35.066399   51.237287
   35.067848   51.238203
   35.070281   51.238919
   35.072278   51.239018
   35.074231   51.238727
   35.075974   51.238073
   35.079375   51.235957
   35.084938   51.234985
   35.104562   51.237249
   35.107090   51.237069
   35.115893   51.235296
   35.118432   51.235959
   35.121121   51.235914
   35.152686   51.227649
   35.154875   51.226754
   35.156409   51.225386
   35.157070   51.223738
   35.156952   51.220534
   35.156152   51.218892
   35.154970   51.217857
   35.153393   51.217087
   35.149321   51.216170
   35.145003   51.214550
   35.144588   51.213022
   35.144375   51.211332
   35.147815   51.209553
   35.149788   51.207077
   35.150298   51.204834
   35.149689   51.201521
   35.148688   51.200347
   35.144099   51.197264
   35.139728   51.193390
   35.137061   51.191972
   35.137881   51.178038
   35.137677   51.175474
   35.141195   51.172346
   35.141744   51.171046
   35.141538   51.169258
   35.140698   51.168029
   35.139349   51.167019
   35.131442   51.163432
   35.134467   51.161296
   35.143705   51.157405
   35.145740   51.155698
   35.147406   51.152470
   35.147496   51.150757
   35.146327   51.148369
   35.143691   51.146603
   35.146751   51.145024
   35.149350   51.142237
   35.150328   51.140278
   35.150790   51.136659
   35.156633   51.135343
   35.171576   51.130251
   35.179668   51.124650
   35.181046   51.123157
   35.181465   51.121428
   35.180559   51.119331
   35.178279   51.117759
   35.173746   51.116231
   35.170721   51.111575
   35.170272   51.109822
   35.172319   51.108587
   35.173444   51.107251
   35.174967   51.106357
   35.177666   51.103773
   35.181155   51.102262
   35.182541   51.101278
   35.183599   51.099631
   35.183611   51.097841
   35.179521   51.085111
   35.177832   51.083744
   35.176114   51.083060
   35.174171   51.082737
   35.171923   51.082844
   35.172799   51.081467
   35.173049   51.079034
   35.175847   51.077769
   35.177866   51.075329
   35.180084   51.074597
   35.182691   51.072966
   35.184023   51.071265
   35.184453   51.069856
   35.187128   51.067632
   35.189654   51.063354
   35.192832   51.060776
   35.195471   51.059193
   35.196620   51.056842
   35.200002   51.057422
   35.203176   51.056882
   35.208177   51.054714
   35.209512   51.053738
   35.210498   51.052393
   35.212475   51.051795
   35.216071   51.053802
   35.217602   51.055495
   35.220581   51.056711
   35.222442   51.058148
   35.236804   51.064083
   35.238335   51.066735
   35.239719   51.067664
   35.241445   51.068292
   35.246542   51.069529
   35.248586   51.069672
   35.251837   51.069010
   35.255658   51.066767
   35.257741   51.066687
   35.260029   51.066066
   35.262465   51.067149
   35.264323   51.067611
   35.266962   51.067642
   35.269085   51.067132
   35.271132   51.068215
   35.274028   51.068764
   35.275939   51.070145
   35.277898   51.071066
   35.283548   51.071912
   35.286175   51.073060
   35.289651   51.073618
   35.291630   51.075394
   35.295948   51.076769
   35.296305   51.078884
   35.297426   51.080517
   35.300408   51.082414
   35.302227   51.083029
   35.304240   51.083260
   35.312753   51.082834
   35.314743   51.082525
   35.316453   51.081865
   35.328619   51.081778
   35.330526   51.081456
   35.332215   51.080786
   35.334177   51.079059
   35.334706   51.076926
   35.333380   51.073979
   35.350714   51.067374
   35.353617   51.069225
   35.360376   51.071315
   35.370811   51.070584
   35.372693   51.071301
   35.375393   51.071591
   35.377413   51.071329
   35.379222   51.070680
   35.381030   51.069319
   35.390346   51.058526
   35.394252   51.059447
   35.396207   51.059418
   35.398069   51.059023
   35.411250   51.051241
   35.412811   51.049239
   35.412867   51.047058
   35.415037   51.045337
   35.417606   51.040669
   35.417941   51.038498
   35.416704   51.036476
   35.414183   51.035073
   35.410540   51.034343
   35.410237   51.033377
   35.412291   51.032586
   35.413605   51.031590
   35.415876   51.027954
   35.415961   51.025708
   35.414835   51.024065
   35.413398   51.023099
   35.409802   51.021637
   35.408610   51.019984
   35.406023   51.018609
   35.403433   51.018201
   35.400065   51.018316
   35.398261   51.016668
   35.395950   51.015796
   35.389869   51.015495
   35.389168   51.011877
   35.388077   51.010251
   35.385534   51.008812
   35.382121   51.008116
   35.380957   51.006560
   35.378741   51.005011
   35.376276   51.004243
   35.371489   51.004032
   35.362946   51.001500
   35.358656   51.000922
   35.348890   51.001675
   35.340227   51.002913
   35.343517   51.000497
   35.344328   50.999289
   35.344577   50.997977
   35.344244   50.996674
   35.343356   50.995490
   35.340461   50.993926
   35.343060   50.992446
   35.345027   50.992286
   35.346875   50.991767
   35.349205   50.990195
   35.354963   50.979449
   35.358744   50.975888
   35.359173   50.973785
   35.358705   50.972541
   35.356685   50.970119
   35.354139   50.968282
   35.352024   50.967565
   35.350232   50.966019
   35.349376   50.962329
   35.348201   50.960752
   35.345615   50.959389
   35.342669   50.958977
   35.342463   50.955954
   35.341972   50.954644
   35.339806   50.952785
   35.338064   50.950120
   35.336540   50.949026
   35.335665   50.946228
   35.334423   50.944882
   35.338173   50.938873
   35.341391   50.939855
   35.344120   50.939972
   35.347379   50.939290
   35.349864   50.937461
   35.352557   50.936682
   35.355685   50.936702
   35.357889   50.936142
   35.365584   50.937112
   35.373378   50.936871
   35.375867   50.936298
   35.377843   50.935142
   35.379153   50.933146
   35.379082   50.931400
   35.377655   50.927948
   35.386076   50.927899
   35.392535   50.928732
   35.394528   50.928555
   35.396357   50.928000
   35.398268   50.926760
   35.399145   50.925560
   35.399515   50.922050
   35.401453   50.921011
   35.404654   50.918377
   35.406373   50.915881
   35.409016   50.910879
   35.408571   50.908732
   35.406959   50.907150
   35.409175   50.905522
   35.410343   50.903905
   35.410541   50.902563
   35.409868   50.900826
   35.408718   50.899714
   35.407126   50.898875
   35.389327   50.893559
   35.393412   50.888703
   35.401103   50.885545
   35.406533   50.882782
   35.408063   50.881383
   35.408689   50.879705
   35.408077   50.877590
   35.405545   50.875587
   35.397332   50.873452
   35.392191   50.871467
   35.391771   50.871035
   35.395305   50.870036
   35.397317   50.869036
   35.401009   50.869444
   35.405023   50.869076
   35.407965   50.867982
   35.411051   50.865911
   35.412659   50.864045
   35.414284   50.860259
   35.417788   50.858196
   35.418859   50.857091
   35.425809   50.844706
   35.426750   50.841422
   35.426222   50.837614
   35.427068   50.828462
   35.423320   50.818118
   35.419994   50.813937
   35.417216   50.805769
   35.417730   50.804428
   35.419446   50.802722
   35.436533   50.798173
   35.452884   50.787242
   35.454377   50.786882
   35.456023   50.786897
   35.462254   50.787766
   35.467770   50.787660
   35.472806   50.789053
   35.476231   50.788989
   35.478665   50.788139
   35.493045   50.780298
   35.495046   50.778484
   35.495512   50.777163
   35.495183   50.775372
   35.482031   50.755916
   35.483063   50.754573
   35.483370   50.753222
   35.482347   50.750346
   35.480680   50.748443
   35.477728   50.746390
   35.477091   50.745563
   35.480623   50.741745
   35.481075   50.740468
   35.480956   50.739160
   35.479933   50.737554
   35.478419   50.736434
   35.477270   50.734603
   35.475924   50.733666
   35.473990   50.732965
   35.479203   50.727629
   35.479857   50.726376
   35.479935   50.725051
   35.474199   50.715613
   35.473906   50.710430
   35.472364   50.706749
   35.470680   50.705010
   35.468210   50.703958
   35.468231   50.701045
   35.467626   50.699443
   35.467976   50.697842
   35.469876   50.695519
   35.470238   50.693350
   35.469628   50.691265
   35.467693   50.689142
   35.469369   50.687446
   35.472712   50.685756
   35.475186   50.686088
   35.477449   50.685845
   35.481009   50.685983
   35.485780   50.685077
   35.489058   50.684767
   35.492048   50.683903
   35.494490   50.684070
   35.497013   50.683701
   35.500038   50.682605
   35.501530   50.681683
   35.502543   50.680509
   35.503003   50.678738
   35.502070   50.676586
   35.494184   50.669374
   35.495580   50.657717
   35.494654   50.656151
   35.491256   50.653178
   35.488750   50.651838
   35.485596   50.651409
   35.482497   50.651988
   35.474563   50.654977
   35.461750   50.660975
   35.429299   50.650703
   35.426479   50.650456
   35.404028   50.651631
   35.399780   50.648057
   35.400076   50.644751
   35.399604   50.642562
   35.408352   50.633993
   35.416258   50.620276
   35.418726   50.620422
   35.423569   50.619749
   35.425758   50.618814
   35.427259   50.617403
   35.427847   50.615288
   35.426260   50.610528
   35.427991   50.609240
   35.428990   50.607372
   35.431592   50.605442
   35.432495   50.603261
   35.432216   50.601908
   35.431341   50.600672
   35.425710   50.596159
   35.406291   50.587433
   35.403232   50.584724
   35.400409   50.580855
   35.408065   50.577232
   35.425242   50.569894
   35.433519   50.564682
   35.437057   50.560220
   35.437668   50.556868
   35.444886   50.546713
   35.445635   50.544976
   35.446296   50.541874
   35.446104   50.540466
   35.445190   50.538376
   35.442203   50.535412
   35.442263   50.533871
   35.445485   50.533777
   35.447379   50.533423
   35.449041   50.532724
   35.450334   50.531740
   35.451302   50.530128
   35.452042   50.524875
   35.463925   50.515154
   35.464601   50.513893
   35.464698   50.512637
   35.466116   50.510746
   35.466233   50.508661
   35.468943   50.506897
   35.481857   50.491701
   35.487967   50.490429
   35.492206   50.489869
   35.506888   50.484871
   35.510148   50.482637
   35.512566   50.480224
   35.528073   50.472234
   35.537344   50.468927
   35.543997   50.463881
   35.544985   50.462525
   35.546427   50.462162
   35.548725   50.462688
   35.552893   50.462855
   35.556299   50.462188
   35.565769   50.468792
   35.568869   50.469428
   35.570821   50.469318
   35.572645   50.468845
   35.575004   50.467368
   35.580188   50.460772
   35.584360   50.458053
   35.585146   50.456805
   35.585342   50.455519
   35.590215   50.452547
   35.592528   50.450190
   35.593205   50.448864
   35.593093   50.444113
   35.593591   50.441815
   35.594226   50.431124
   35.593282   50.429023
   35.592024   50.427995
   35.590380   50.427254
   35.590108   50.414785
   35.590412   50.397402
   35.595696   50.397366
   35.597556   50.396846
   35.599106   50.395986
   35.600458   50.394448
   35.603645   50.385533
   35.616444   50.378019
   35.617755   50.376978
   35.618737   50.374829
   35.618040   50.372631
   35.611242   50.367586
   35.625743   50.358624
   35.629419   50.358899
   35.657764   50.355779
   35.670175   50.359215
   35.672188   50.359546
   35.735596   50.359086
   35.751646   50.371492
   35.770040   50.382505
   35.772218   50.383512
   35.786653   50.392527
   35.793037   50.397025
   35.796631   50.400106
   35.799301   50.404779
   35.799172   50.406460
   35.794225   50.407318
   35.792422   50.407904
   35.790954   50.408813
   35.789032   50.411160
   35.786917   50.412647
   35.786140   50.413963
   35.785911   50.415545
   35.786301   50.417092
   35.787510   50.418631
   35.788947   50.419524
   35.828064   50.437565
   35.829846   50.438152
   35.831807   50.438373
   35.833781   50.438210
   35.835600   50.437676
   35.837110   50.436816
   35.838423   50.435293
   35.840056   50.430698
   35.852586   50.433705
   35.855189   50.433971
   35.858337   50.433361
   35.869830   50.428925
   35.878845   50.436830
   35.883999   50.441962
   35.885463   50.442854
   35.887897   50.443540
   35.890541   50.443560
   35.893288   50.442773
   35.896997   50.443357
   35.900755   50.443293
   35.903030   50.442808
   35.907725   50.442401
   35.910516   50.441640
   35.914073   50.439809
   35.915062   50.439816
   35.916349   50.440639
   35.918194   50.441272
   35.920501   50.441620
   35.922543   50.441583
   35.924477   50.441146
   35.926804   50.440065
   35.930981   50.438723
   35.933321   50.437150
   35.936815   50.438154
   35.943273   50.438162
   35.945817   50.438499
   35.949176   50.439456
   35.952314   50.439566
   35.955298   50.438844
   35.961879   50.440258
   35.965912   50.440347
   35.969081   50.441635
   35.971315   50.443852
   35.974381   50.445119
   35.976175   50.445401
   35.985385   50.445720
   35.989175   50.446438
   35.992068   50.447394
   35.995881   50.447717
   35.999816   50.449590
   36.002294   50.450229
   36.007924   50.450481
   36.014171   50.449977
   36.021687   50.450415
   36.026941   50.451823
   36.031859   50.452016
   36.035179   50.453904
   36.038382   50.454654
   36.041093   50.454450
   36.044263   50.453548
   36.047504   50.454260
   36.051299   50.454258
   36.053184   50.454819
   36.058345   50.455411
   36.064622   50.455744
   36.069889   50.455504
   36.071700   50.455018
   36.073228   50.454211
   36.074884   50.452173
   36.081555   50.452845
   36.086338   50.453008
   36.088273   50.452771
   36.090025   50.452176
   36.096461   50.448614
   36.113238   50.444012
   36.118845   50.442834
   36.137190   50.441982
   36.152184   50.438722
   36.163223   50.435726
   36.165466   50.434736
   36.167180   50.432824
   36.175116   50.414255
   36.176678   50.411073
   36.178484   50.408837
   36.181477   50.410459
   36.183432   50.410877
   36.185487   50.410890
   36.187454   50.410497
   36.193356   50.408151
   36.195425   50.407912
   36.197698   50.407041
   36.198983   50.406047
   36.199828   50.404746
   36.202447   50.403480
   36.211125   50.396894
   36.216271   50.389008
   36.226448   50.380696
   36.236779   50.373929
   36.237837   50.372266
   36.239733   50.366015
   36.245846   50.362184
   36.257654   50.359570
   36.260156   50.358581
   36.278322   50.346287
   36.289335   50.338245
   36.290610   50.336172
   36.290229   50.333947
   36.284061   50.328383
   36.283323   50.327218
   36.286180   50.325581
   36.286999   50.324408
   36.287284   50.323130
   36.287013   50.321850
   36.283950   50.316689
   36.292151   50.307291
   36.292709   50.305954
   36.292794   50.303555
   36.296406   50.304175
   36.300685   50.304009
   36.303089   50.303287
   36.304900   50.302015
   36.305702   50.300811
   36.305948   50.299505
   36.305089   50.295683
   36.330233   50.293925
   36.355792   50.292907
   36.361214   50.291800
   36.362198   50.291882
   36.371156   50.294864
   36.368901   50.299802
   36.369558   50.301928
   36.371123   50.303327
   36.396888   50.311753
   36.402082   50.314177
   36.408433   50.319169
   36.418274   50.330509
   36.419998   50.331823
   36.431605   50.334992
   36.433541   50.335160
   36.435469   50.334959
   36.438244   50.333857
   36.439942   50.332032
   36.445341   50.315932
   36.473237   50.317630
   36.490721   50.315645
   36.492337   50.314931
   36.493584   50.313943
   36.496658   50.308820
   36.497577   50.308141
   36.500827   50.307225
   36.503728   50.305478
   36.504900   50.304335
   36.505623   50.302576
   36.512861   50.299944
   36.514816   50.299636
   36.518210   50.298523
   36.527767   50.298041
   36.529632   50.297641
   36.531248   50.296906
   36.532791   50.295513
   36.533433   50.293838
   36.533261   50.292544
   36.531859   50.289496
   36.538230   50.288887
   36.550860   50.286320
   36.554296   50.286517
   36.557662   50.288312
   36.566087   50.290085
   36.582241   50.290863
   36.586875   50.290417
   36.589169   50.289567
   36.593489   50.285475
   36.594956   50.282459
   36.597458   50.281671
   36.599571   50.279991
   36.600240   50.278291
   36.600480   50.275346
   36.600185   50.274156
   36.596386   50.268187
   36.584477   50.259154
   36.584444   50.257850
   36.583849   50.256602
   36.578961   50.252190
   36.577461   50.251373
   36.575676   50.250870
   36.573101   50.250752
   36.570539   50.251319
   36.569744   50.250736
   36.573643   50.247894
   36.581346   50.245671
   36.583412   50.243930
   36.584000   50.242158
   36.587246   50.240302
   36.598649   50.235855
   36.599988   50.234774
   36.601166   50.233003
   36.610040   50.229918
   36.611659   50.230879
   36.614050   50.231506
   36.618820   50.231580
   36.620959   50.231349
   36.642470   50.226576
   36.649169   50.222956
   36.659237   50.225560
   36.673276   50.239525
   36.677359   50.250780
   36.676392   50.256599
   36.676581   50.258232
   36.682647   50.269261
   36.684639   50.270900
   36.690035   50.273173
   36.694789   50.273947
   36.698075   50.273504
   36.700813   50.271905
   36.706627   50.275065
   36.716662   50.281309
   36.719102   50.281814
   36.726948   50.281935
   36.736737   50.286814
   36.738754   50.287350
   36.741381   50.287531
   36.741722   50.288835
   36.742617   50.290018
   36.745834   50.291913
   36.753457   50.294487
   36.758403   50.294517
   36.760155   50.297363
   36.761670   50.303273
   36.763003   50.304754
   36.765075   50.305796
   36.773698   50.307420
   36.779344   50.307553
   36.785296   50.309310
   36.796809   50.310421
   36.799942   50.313053
   36.808241   50.316121
   36.818830   50.317844
   36.830081   50.317747
   36.847672   50.331027
   36.867329   50.340313
   36.877443   50.341669
   36.884909   50.342350
   36.913566   50.350869
   36.936998   50.354786
   36.960157   50.353798
   37.038318   50.353219
   37.041292   50.352551
   37.046672   50.349853
   37.058510   50.351511
   37.070249   50.351144
   37.080579   50.352296
   37.096693   50.354895
   37.094970   50.357556
   37.095362   50.359761
   37.096358   50.360929
   37.097826   50.361852
   37.100958   50.362639
   37.139696   50.365492
   37.142719   50.364853
   37.150637   50.360988
   37.158024   50.363178
   37.160133   50.363334
   37.173253   50.366194
   37.176179   50.366582
   37.181613   50.368654
   37.183967   50.369172
   37.195713   50.373747
   37.205165   50.376744
   37.215622   50.378870
   37.216280   50.381219
   37.218361   50.382878
   37.252939   50.396609
   37.255477   50.397038
   37.258402   50.396715
   37.261732   50.398104
   37.270972   50.400469
   37.273202   50.400786
   37.288428   50.404947
   37.293749   50.408631
   37.302374   50.423642
   37.303241   50.427064
   37.305619   50.429771
   37.315870   50.436506
   37.326882   50.440300
   37.332126   50.441454
   37.352649   50.441852
   37.369128   50.438546
   37.378862   50.437055
   37.396087   50.435606
   37.402678   50.436697
   37.411310   50.437483
   37.417771   50.438762
   37.424455   50.443611
   37.426486   50.446016
   37.428703   50.447427
   37.440657   50.451161
   37.451244   50.453612
   37.466083   50.457620
   37.468138   50.458694
   37.471967   50.462568
   37.474056   50.463573
   37.475914   50.463947
   37.477854   50.463958
   37.492583   50.461680
   37.494339   50.461087
   37.495987   50.460000
   37.496967   50.458864
   37.497440   50.457151
   37.496741   50.455037
   37.491427   50.444631
   37.491712   50.431335
   37.491231   50.429600
   37.489297   50.427817
   37.486325   50.426848
   37.471049   50.426605
   37.469993   50.422952
   37.470950   50.419606
   37.469903   50.417436
   37.472297   50.411041
   37.472970   50.406912
   37.473399   50.380764
   37.476535   50.377823
   37.477338   50.376638
   37.477736   50.374394
   37.477501   50.371741
   37.477944   50.371008
   37.482503   50.368505
   37.489571   50.360497
   37.508054   50.356328
   37.510401   50.355419
   37.512027   50.353974
   37.514602   50.349217
   37.525430   50.340189
   37.557236   50.333978
   37.559727   50.333085
   37.561115   50.332013
   37.577507   50.314379
   37.581053   50.317491
   37.584929   50.318849
   37.594273   50.320619
   37.609021   50.320870
   37.618703   50.319849
   37.632612   50.317784
   37.638984   50.315416
   37.642044   50.312544
   37.644306   50.305638
   37.644856   50.303127
   37.644642   50.301748
   37.643404   50.300098
   37.634639   50.294063
   37.633111   50.291825
   37.634153   50.262163
   37.632451   50.245139
   37.633630   50.240117
   37.633111   50.238806
   37.621584   50.221082
   37.621208   50.219715
   37.621598   50.218045
   37.626715   50.214834
   37.629108   50.210946
   37.632781   50.207259
   37.635786   50.204567
   37.642882   50.199224
   37.649731   50.192698
   37.650275   50.191419
   37.650235   50.190091
   37.647266   50.183562
   37.646320   50.180077
   37.647162   50.178889
   37.649366   50.178508
   37.651044   50.177801
   37.658306   50.172730
   37.660835   50.169075
   37.661379   50.167629
   37.666383   50.163971
   37.669147   50.162403
   37.671302   50.160330
   37.674652   50.155546
   37.683991   50.152370
   37.689721   50.149148
   37.691470   50.147222
   37.695205   50.146155
   37.697009   50.144727
   37.699481   50.143429
   37.706474   50.140592
   37.708527   50.138981
   37.713219   50.137764
   37.715342   50.136660
   37.716653   50.135097
   37.716949   50.133320
   37.714304   50.128494
   37.731406   50.109874
   37.738009   50.106107
   37.749095   50.096838
   37.759210   50.083809
   37.796254   50.088683
   37.798338   50.088742
   37.800352   50.088380
   37.802106   50.087632
   37.828784   50.071953
   37.854810   50.062809
   37.866974   50.058944
   37.888318   50.056033
   37.890583   50.055936
   37.896631   50.054600
   37.907340   50.050060
   37.930193   50.037880
   37.932746   50.035647
   37.936500   50.028740
   37.942975   50.020051
   37.944319   50.017164
   37.957291   49.999979
   37.959950   49.997094
   37.969765   49.982898
   37.982133   49.981076
   37.984590   49.980355
   37.999549   49.969989
   38.002197   49.971440
   38.004802   49.971936
   38.007493   49.971719
   38.009844   49.970824
   38.022670   49.959782
   38.035505   49.949616
   38.050382   49.934819
   38.051054   49.933585
   38.051073   49.931841
   38.050094   49.930221
   38.048788   49.929235
   38.030499   49.923707
   38.031736   49.919336
   38.031720   49.917641
   38.031207   49.916347
   38.029923   49.915051
   38.028976   49.911281
   38.032358   49.908346
   38.035311   49.912196
   38.040385   49.917567
   38.049286   49.924591
   38.053511   49.927221
   38.088693   49.937475
   38.122607   49.946602
   38.125356   49.946751
   38.127352   49.946377
   38.129087   49.945623
   38.130699   49.944407
   38.132540   49.940525
   38.135420   49.931761
   38.138721   49.933686
   38.143633   49.935928
   38.157136   49.941703
   38.161797   49.943403
   38.156942   49.948621
   38.156001   49.950224
   38.156083   49.952692
   38.157959   49.954774
   38.167369   49.958209
   38.169119   49.958616
   38.171351   49.958700
   38.190135   49.964657
   38.188836   49.969112
   38.189272   49.970804
   38.190580   49.972323
   38.205125   49.978673
   38.211285   49.980866
   38.210467   49.982138
   38.209865   49.985134
   38.208387   49.986201
   38.206655   49.988369
   38.205050   49.989169
   38.203882   49.990226
   38.198727   49.996683
   38.197951   49.998575
   38.194768   50.001429
   38.193926   50.003537
   38.179252   50.021656
   38.179114   50.022948
   38.179532   50.024212
   38.180665   50.025609
   38.181991   50.026490
   38.180626   50.039664
   38.177351   50.044069
   38.176707   50.045838
   38.177273   50.052157
   38.178069   50.055436
   38.176281   50.062730
   38.174674   50.065707
   38.174835   50.067697
   38.172164   50.077050
   38.172156   50.081023
   38.172922   50.082252
   38.174194   50.083280
   38.176481   50.084188
   38.179786   50.084401
   38.241351   50.078271
   38.255891   50.077059
   38.274824   50.078078
   38.287183   50.083106
   38.295154   50.089642
   38.297233   50.090784
   38.311835   50.092888
   38.314372   50.092899
   38.331775   50.089655
   38.334000   50.088719
   38.335766   50.086884
   38.339812   50.067109
   38.339563   50.060807
   38.344518   50.055159
   38.348759   50.047880
   38.357136   50.038014
   38.357863   50.036739
   38.359530   50.026899
   38.360345   50.025030
   38.359911   50.022694
   38.360366   50.018638
   38.357564   50.009460
   38.373351   50.004150
   38.384945   50.000718
   38.401572   49.995226
   38.414298   49.988573
   38.422477   49.998289
   38.427871   50.003747
   38.429726   50.004998
   38.431517   50.005575
   38.434146   50.005768
   38.440602   50.005000
   38.471873   49.999404
   38.473530   49.998687
   38.474808   49.997685
   38.475819   49.995618
   38.473480   49.987816
   38.480398   49.987610
   38.482703   49.986806
   38.484038   49.985856
   38.485086   49.984274
   38.485642   49.981524
   38.488876   49.980431
   38.490715   49.978563
   38.491287   49.976643
   38.490534   49.974440
   38.490656   49.971169
   38.492882   49.968184
   38.510960   49.967746
   38.527078   49.963566
   38.538664   49.967199
   38.544290   49.970339
   38.546242   49.970805
   38.549265   49.970876
   38.555771   49.973013
   38.558901   49.973591
   38.561143   49.974899
   38.565119   49.976054
   38.578895   49.981589
   38.583581   49.982169
   38.613358   49.980221
   38.619385   49.978871
   38.635980   49.969540
   38.646665   49.962749
   38.651178   49.965994
   38.656653   49.970923
   38.662913   49.975328
   38.666005   49.976346
   38.668295   49.976633
   38.671230   49.976493
   38.673408   49.976986
   38.673499   49.978293
   38.670193   49.992460
   38.672391   50.006457
   38.673499   50.008479
   38.675892   50.009933
   38.682608   50.012163
   38.687060   50.012049
   38.691168   50.010724
   38.692971   50.009439
   38.696155   50.008272
   38.697530   50.007053
   38.699567   50.006464
   38.702854   50.004718
   38.705720   50.001656
   38.709177   49.999180
   38.714388   49.993945
   38.721863   49.989610
   38.724499   49.986250
   38.725341   49.983610
   38.725084   49.981885
   38.723430   49.980025
   38.721868   49.979233
   38.714678   49.977130
   38.695385   49.962939
   38.693219   49.961011
   38.698943   49.940572
   38.698870   49.938414
   38.726410   49.931324
   38.728720   49.930335
   38.730483   49.928388
   38.740059   49.907274
   38.747749   49.901918
   38.769639   49.900260
   38.772816   49.899394
   38.774641   49.898023
   38.785654   49.885668
   38.788657   49.884469
   38.791571   49.887001
   38.793952   49.887749
   38.795922   49.887882
   38.827022   49.882941
   38.828961   49.882220
   38.835969   49.878403
   38.840793   49.872986
   38.841695   49.871277
   38.843613   49.871949
   38.845544   49.872181
   38.848359   49.872066
   38.850517   49.871579
   38.853057   49.872851
   38.856204   49.873377
   38.860343   49.872743
   38.863116   49.870977
   38.864567   49.870748
   38.868590   49.871098
   38.870914   49.871725
   38.873992   49.873419
   38.877734   49.874160
   38.881347   49.874148
   38.884779   49.873304
   38.888258   49.874587
   38.892210   49.874586
   38.896328   49.875057
   38.901127   49.874502
   38.905884   49.872739
   38.907434   49.871369
   38.909291   49.867868
   38.911348   49.866406
   38.913159   49.864458
   38.917224   49.864400
   38.919849   49.863860
   38.922799   49.862303
   38.924947   49.860001
   38.925125   49.857625
   38.924069   49.855573
   38.920942   49.852851
   38.917907   49.851602
   38.916931   49.850260
   38.914588   49.848243
   38.917266   49.846940
   38.918833   49.844904
   38.918909   49.843117
   38.920418   49.837067
   38.920375   49.835549
   38.919827   49.834287
   38.920704   49.832803
   38.920968   49.830876
   38.920579   49.829437
   38.919109   49.826981
   38.917663   49.825738
   38.915217   49.824527
   38.915545   49.822600
   38.915661   49.822221
   38.922399   49.818453
   38.924294   49.816887
   38.925271   49.814525
   38.924694   49.812289
   38.925631   49.811099
   38.926226   49.809099
   38.930009   49.808528
   38.931887   49.807791
   38.933870   49.806339
   38.934869   49.804624
   38.938368   49.805302
   38.942585   49.804927
   38.946969   49.803518
   38.949867   49.802040
   38.962902   49.809109
   38.983483   49.812604
   39.003679   49.819921
   39.013717   49.824077
   39.029025   49.826964
   39.032491   49.827113
   39.036630   49.826548
   39.053210   49.822053
   39.063765   49.820615
   39.066419   49.822714
   39.104971   49.840623
   39.110836   49.845549
   39.124654   49.863441
   39.126325   49.864822
   39.176062   49.892450
   39.177837   49.893027
   39.179787   49.893242
   39.182979   49.892761
   39.192125   49.888964
   39.194176   49.887634
   39.201208   49.875991
   39.206445   49.873791
   39.208240   49.872392
   39.215193   49.861498
   39.232404   49.841941
   39.233028   49.840288
   39.234933   49.817521
   39.237181   49.813475
   39.237240   49.810758
   39.236212   49.807487
   39.244551   49.800657
   39.250032   49.788950
   39.254935   49.783400
   39.257305   49.778844
   39.264652   49.773984
   39.267903   49.772410
   39.274921   49.772793
   39.277418   49.772309
   39.279011   49.771555
   39.289868   49.759330
   39.310609   49.757248
   39.365073   49.744838
   39.372765   49.744499
   39.377518   49.743647
   39.397846   49.752745
   39.404176   49.755887
   39.409001   49.757819
   39.432219   49.764171
   39.437340   49.764703
   39.443442   49.764878
   39.467835   49.761856
   39.481633   49.760673
   39.494222   49.757332
   39.534106   49.745694
   39.539970   49.744594
   39.564547   49.741346
   39.567913   49.741359
   39.611393   49.738141
   39.613913   49.737626
   39.615951   49.736515
   39.617200   49.734975
   39.617475   49.733235
   39.616734   49.731556
   39.599541   49.718390
   39.617464   49.696259
   39.619875   49.692699
   39.641664   49.646696
   39.644442   49.639892
   39.645324   49.636485
   39.663750   49.619190
   39.688673   49.616466
   39.691299   49.615336
   39.699153   49.609627
   39.713531   49.611001
   39.715600   49.610968
   39.732488   49.607103
   39.736150   49.605871
   39.753793   49.601312
   39.769058   49.590346
   39.772224   49.588704
   39.774288   49.586281
   39.780773   49.581093
   39.794313   49.571962
   39.797234   49.570535
   39.808189   49.563327
   39.813711   49.564157
   39.833490   49.568193
   39.838924   49.568792
   39.869580   49.564530
   39.890021   49.563408
   39.910835   49.570615
   39.914866   49.572750
   39.918105   49.573192
   39.929395   49.577116
   39.945809   49.599979
   39.947637   49.601314
   39.949449   49.601943
   40.057711   49.611495
   40.060328   49.611211
   40.062584   49.610287
   40.067937   49.604588
   40.132991   49.621307
   40.136358   49.621573
   40.138930   49.620982
   40.141255   49.619620
   40.142398   49.617974
   40.144594   49.607650
   40.146135   49.597819
   40.164497   49.581045
   40.171301   49.575102
   40.175924   49.571578
   40.177143   49.569558
   40.176799   49.567395
   40.175440   49.565899
   40.173911   49.565064
   40.150435   49.557601
   40.137811   49.553074
   40.044337   49.517428
   40.045803   49.513052
   40.045887   49.510688
   40.048923   49.498835
   40.037103   49.456075
   40.050812   49.449365
   40.069111   49.433611
   40.083931   49.412707
   40.108069   49.397410
   40.118274   49.389654
   40.131695   49.386609
   40.143863   49.383034
   40.146291   49.382607
   40.159831   49.376562
   40.163499   49.374157
   40.167667   49.370757
   40.168852   49.368323
   40.168144   49.365836
   40.173361   49.360885
   40.176362   49.360949
   40.178951   49.360371
   40.180551   49.359517
   40.184819   49.355939
   40.186449   49.355086
   40.193490   49.352694
   40.203762   49.349730
   40.206177   49.348240
   40.207163   49.346610
   40.207139   49.344853
   40.204057   49.339798
   40.203598   49.337357
   40.199483   49.331156
   40.195863   49.317590
   40.194681   49.309230
   40.192691   49.305065
   40.190825   49.303473
   40.192925   49.283610
   40.231914   49.264126
   40.233641   49.262860
   40.234613   49.260834
   40.234081   49.258736
   40.227354   49.248567
   40.217733   49.241442
   40.212557   49.238491
   40.210648   49.237722
   40.190163   49.233911
   40.177790   49.232639
   40.147431   49.234400
   40.143997   49.234940
   40.139865   49.235079
   40.129257   49.228370
   40.123111   49.220332
   40.122340   49.218401
   40.120704   49.216932
   40.114193   49.208736
   40.112114   49.207235
   40.098899   49.200010
   40.089496   49.190408
   40.081808   49.183470
   40.078504   49.182390
   40.052298   49.178438
   40.046601   49.177424
   40.043783   49.176593
   40.040716   49.176491
   40.035492   49.175714
   40.026893   49.166951
   40.016984   49.158640
   40.008078   49.148703
   40.001334   49.144466
   39.980763   49.124725
   39.977600   49.121273
   39.964946   49.103415
   39.958593   49.096416
   39.950206   49.086115
   39.945958   49.081795
   39.949152   49.072717
   39.949234   49.070039
   39.944804   49.055664
   39.943268   49.053661
   39.941262   49.052470
   39.939383   49.051969
   39.937364   49.051856
   39.909039   49.052831
   39.895057   49.055755
   39.879733   49.059563
   39.866107   49.057878
   39.840984   49.056045
   39.818928   49.053546
   39.814344   49.053849
   39.811222   49.054625
   39.808925   49.055797
   39.806401   49.054947
   39.802172   49.052671
   39.793288   49.046719
   39.782415   49.040701
   39.776980   49.038365
   39.769768   49.035829
   39.767285   49.035362
   39.756224   49.036656
   39.739690   49.037329
   39.736325   49.038211
   39.720270   49.040648
   39.713210   49.042421
   39.707006   49.043568
   39.705194   49.044223
   39.694403   49.045803
   39.685383   49.041617
   39.690671   49.037989
   39.691903   49.035169
   39.691848   49.033429
   39.691313   49.032231
   39.689799   49.030756
   39.689522   49.029135
   39.688562   49.027617
   39.686878   49.026205
   39.683887   49.024681
   39.684108   49.023197
   39.683632   49.021006
   39.682548   49.019106
   39.680931   49.017580
   39.682905   49.016798
   39.684554   49.015392
   39.685179   49.014118
   39.685092   49.012337
   39.677194   49.001565
   39.674797   48.999658
   39.675594   48.998103
   39.677957   48.995946
   39.684016   48.998740
   39.688135   49.002202
   39.689655   49.003098
   39.692720   49.003806
   39.695901   49.005067
   39.699733   49.005417
   39.703486   49.004627
   39.707247   49.003247
   39.709383   49.002003
   39.712111   48.998925
   39.713981   48.997425
   39.715007   48.995759
   39.716523   48.994864
   39.719618   48.992115
   39.720406   48.990714
   39.722514   48.988442
   39.723857   48.984549
   39.724811   48.984088
   39.728528   48.983775
   39.731404   48.985975
   39.739640   48.989244
   39.742486   48.990926
   39.745286   48.991676
   39.748470   48.991832
   39.752634   48.991319
   39.755500   48.990383
   39.757230   48.989476
   39.759584   48.987055
   39.759894   48.984582
   39.758844   48.982415
   39.756134   48.980456
   39.758186   48.980500
   39.760903   48.979981
   39.764015   48.978233
   39.764967   48.977068
   39.765435   48.974983
   39.766821   48.973205
   39.767201   48.971744
   39.769181   48.970571
   39.770361   48.969007
   39.770870   48.967047
   39.770066   48.964596
   39.771732   48.963629
   39.772790   48.962454
   39.773487   48.960346
   39.773226   48.958684
   39.774513   48.957764
   39.779607   48.956907
   39.781385   48.956232
   39.782780   48.955237
   39.784534   48.952974
   39.784853   48.951708
   39.784426   48.950025
   39.782087   48.947356
   39.780278   48.946251
   39.779415   48.943893
   39.781317   48.942552
   39.784281   48.941130
   39.787487   48.937926
   39.788407   48.936330
   39.788205   48.934205
   39.785565   48.930553
   39.786226   48.928110
   39.785996   48.926143
   39.784860   48.924356
   39.783248   48.922868
   39.787518   48.919290
   39.792017   48.919757
   39.794121   48.919544
   39.796991   48.918669
   39.802554   48.919228
   39.806168   48.919085
   39.807949   48.918732
   39.812720   48.916586
   39.814522   48.914960
   39.816160   48.914399
   39.819489   48.912466
   39.821741   48.912033
   39.823434   48.911342
   39.825092   48.909977
   39.825833   48.908335
   39.828357   48.907138
   39.830223   48.905116
   39.833014   48.906709
   39.837604   48.907716
   39.840487   48.907664
   39.842796   48.907054
   39.846230   48.907358
   39.848698   48.906820
   39.850250   48.906033
   39.851402   48.904987
   39.857297   48.895555
   39.867048   48.896119
   39.869706   48.897228
   39.875124   48.897798
   39.877055   48.897788
   39.879421   48.897241
   39.924320   48.900333
   39.927517   48.900044
   39.929705   48.899124
   39.932710   48.896644
   39.936386   48.894725
   39.938853   48.894214
   39.941676   48.892829
   39.943343   48.890607
   39.945659   48.889256
   39.947741   48.887088
   39.950621   48.882366
   39.952768   48.880506
   39.954974   48.879832
   39.958654   48.878022
   39.963848   48.876468
   39.969154   48.876214
   39.988162   48.873471
   39.997501   48.902317
   39.998946   48.904277
   40.000432   48.905152
   40.002234   48.905706
   40.010787   48.906321
   40.012750   48.907870
   40.012545   48.910522
   40.013987   48.912527
   40.016080   48.913648
   40.019086   48.914301
   40.022352   48.916993
   40.026462   48.919208
   40.028373   48.919554
   40.030329   48.919524
   40.033567   48.920316
   40.035633   48.920421
   40.040100   48.919376
   40.047283   48.918614
   40.049176   48.918039
   40.050577   48.917240
   40.052332   48.915213
   40.056450   48.915196
   40.062294   48.914132
   40.064511   48.913267
   40.066922   48.911434
   40.067635   48.908951
   40.065614   48.904072
   40.078323   48.877053
   40.085348   48.872616
   40.086265   48.871463
   40.086648   48.870183
   40.086279   48.868467
   40.084963   48.866968
   40.082324   48.865510
   40.072301   48.857931
   40.066893   48.854299
   40.064631   48.852290
   40.032695   48.828959
   40.028270   48.825220
   40.007883   48.810501
   39.982321   48.791552
   39.981220   48.790441
   39.979649   48.789579
   39.977095   48.788978
   39.974389   48.789084
   39.958984   48.791838
   39.955950   48.791362
   39.950403   48.791404
   39.946724   48.791784
   39.882350   48.817334
   39.833471   48.828299
   39.832010   48.827548
   39.830132   48.827061
   39.828121   48.826961
   39.826154   48.827254
   39.803953   48.834679
   39.802183   48.835540
   39.801116   48.834474
   39.798935   48.833277
   39.798710   48.831415
   39.801189   48.829914
   39.803727   48.827775
   39.804689   48.825832
   39.804518   48.824090
   39.803387   48.822179
   39.801065   48.820409
   39.797837   48.819064
   39.794125   48.818269
   39.793669   48.816523
   39.791975   48.813738
   39.790618   48.812789
   39.788518   48.812033
   39.786565   48.810408
   39.786848   48.807858
   39.791884   48.802025
   39.792568   48.799189
   39.792029   48.795536
   39.790660   48.792536
   39.790415   48.790363
   39.786440   48.784286
   39.784729   48.782814
   39.782315   48.781413
   39.778501   48.780236
   39.776753   48.780003
   39.774846   48.777894
   39.772636   48.776501
   39.771826   48.773835
   39.774060   48.772191
   39.775470   48.768956
   39.775411   48.766760
   39.774559   48.764172
   39.773009   48.762527
   39.770037   48.760627
   39.765412   48.759347
   39.760909   48.759273
   39.757735   48.759905
   39.755928   48.760637
   39.752200   48.763081
   39.749770   48.762799
   39.747268   48.763122
   39.743621   48.761716
   39.742286   48.758482
   39.740713   48.756945
   39.738773   48.756044
   39.738797   48.755718
   39.742422   48.753519
   39.743306   48.752295
   39.743600   48.750661
   39.745296   48.748780
   39.746323   48.744727
   39.745592   48.741789
   39.744072   48.740411
   39.741502   48.739180
   39.739013   48.738717
   39.736248   48.738732
   39.732364   48.737205
   39.730472   48.732891
   39.732899   48.730711
   39.733431   48.729435
   39.733383   48.728111
   39.732431   48.726468
   39.728399   48.722400
   39.725763   48.721112
   39.723107   48.720575
   39.719663   48.720667
   39.716964   48.721452
   39.716420   48.719291
   39.718077   48.717954
   39.719034   48.716050
   39.718842   48.711359
   39.718064   48.709901
   39.716896   48.708853
   39.714708   48.707726
   39.712548   48.707234
   39.712152   48.706822
   39.712962   48.706416
   39.716380   48.707272
   39.720277   48.706978
   39.722507   48.706106
   39.724502   48.704304
   39.725126   48.703006
   39.725178   48.701699
   39.726809   48.698786
   39.727055   48.697546
   39.726389   48.695361
   39.725077   48.694001
   39.725276   48.692265
   39.724487   48.690445
   39.728942   48.686875
   39.730088   48.684223
   39.729587   48.682063
   39.727945   48.680245
   39.724523   48.678277
   39.720542   48.677324
   39.720320   48.675675
   39.719291   48.673753
   39.715976   48.670876
   39.717250   48.669551
   39.718101   48.667714
   39.717917   48.664692
   39.717086   48.662188
   39.722525   48.656325
   39.722938   48.654605
   39.722582   48.653317
   39.721277   48.651805
   39.719207   48.650733
   39.714326   48.649654
   39.707302   48.650195
   39.703370   48.648609
   39.698923   48.646189
   39.700535   48.643887
   39.701194   48.639665
   39.700896   48.636622
   39.699540   48.634306
   39.698285   48.633291
   39.695109   48.631768
   39.692523   48.629562
   39.688223   48.627955
   39.684306   48.626016
   39.677705   48.622180
   39.675685   48.620681
   39.673173   48.618190
   39.670378   48.611832
   39.668614   48.609626
   39.673356   48.608688
   39.675553   48.607551
   39.677487   48.605594
   39.677998   48.604279
   39.677960   48.602771
   39.682197   48.601941
   39.685350   48.600174
   39.686825   48.598344
   39.687342   48.595973
   39.689596   48.593754
   39.692049   48.592359
   39.693082   48.591303
   39.702808   48.592616
   39.707718   48.591812
   39.715478   48.589773
   39.718904   48.589722
   39.722015   48.590772
   39.725312   48.591174
   39.733589   48.590229
   39.735251   48.590748
   39.739537   48.593398
   39.741771   48.594352
   39.744652   48.595008
   39.747917   48.595129
   39.751992   48.594359
   39.754312   48.593276
   39.756487   48.591361
   39.757658   48.588348
   39.764246   48.590519
   39.765961   48.593679
   39.768263   48.595477
   39.770008   48.596250
   39.773573   48.596876
   39.789537   48.597811
   39.796336   48.596775
   39.800615   48.595278
   39.805963   48.592150
   39.809158   48.588847
   39.810520   48.588453
   39.813021   48.588642
   39.819888   48.590936
   39.822958   48.591196
   39.824899   48.591052
   39.827453   48.590430
   39.829107   48.589685
   39.831073   48.588126
   39.832301   48.586414
   39.833005   48.583323
   39.832618   48.581480
   39.831809   48.580237
   39.834191   48.579412
   39.840128   48.578301
   39.844851   48.577060
   39.850967   48.574342
   39.855634   48.571008
   39.857668   48.568667
   39.862140   48.561036
   39.861929   48.557523
   39.859417   48.553042
   39.860187   48.550707
   39.862641   48.547520
   39.863831   48.544602
   39.863679   48.541937
   39.861959   48.538513
   39.862074   48.537032
   39.862968   48.535066
   39.865548   48.531718
   39.868819   48.525302
   39.869033   48.521118
   39.870131   48.519425
   39.870699   48.516546
   39.873529   48.509902
   39.873894   48.506978
   39.873425   48.504822
   39.871875   48.502210
   39.870337   48.500771
   39.866744   48.498649
   39.863573   48.497514
   39.859523   48.496857
   39.854023   48.497414
   39.854624   48.495087
   39.854489   48.489203
   39.853810   48.486878
   39.852321   48.484948
   39.853037   48.482931
   39.852555   48.476076
   39.856763   48.470221
   39.860617   48.467888
   39.872462   48.463206
   39.880280   48.460474
   39.890604   48.454694
   39.892568   48.454068
   39.897873   48.453106
   39.900832   48.452100
   39.903992   48.449902
   39.904964   48.448410
   39.905383   48.446556
   39.904599   48.443621
   39.902004   48.441259
   39.897368   48.439671
   39.900759   48.432640
   39.902389   48.431111
   39.905414   48.429421
   39.914347   48.425716
   39.917419   48.422821
   39.918988   48.419983
   39.919262   48.417379
   39.917883   48.412160
   39.916210   48.409407
   39.913121   48.406237
   39.915838   48.405734
   39.920238   48.404127
   39.923479   48.401647
   39.925335   48.398088
   39.925179   48.396226
   39.923980   48.393736
   39.921609   48.391656
   39.918997   48.390386
   39.922099   48.387734
   39.923219   48.384666
   39.923431   48.382222
   39.924605   48.380246
   39.925728   48.379719
   39.926687   48.380649
   39.927990   48.385290
   39.929351   48.387517
   39.931936   48.390070
   39.933807   48.391128
   39.936872   48.392021
   39.941601   48.392000
   39.944870   48.390936
   39.947944   48.388698
   39.949504   48.385976
   39.949278   48.382362
   39.946741   48.377619
   39.941575   48.371547
   39.943157   48.368729
   39.943376   48.367046
   39.942915   48.365814
   39.940531   48.362714
   39.942112   48.359725
   39.948926   48.358407
   39.950675   48.357809
   39.952797   48.356167
   39.953527   48.354060
   39.948969   48.343907
   39.947406   48.342417
   39.945085   48.341455
   39.942381   48.341175
   39.940363   48.341444
   39.931261   48.344343
   39.925498   48.343541
   39.925448   48.341222
   39.924953   48.339937
   39.923917   48.338802
   39.921854   48.337689
   39.900729   48.333411
   39.882097   48.329895
   39.877936   48.329403
   39.864718   48.330031
   39.852115   48.329221
   39.850769   48.326924
   39.848253   48.325424
   39.848929   48.320004
   39.848195   48.313953
   39.858277   48.313631
   39.887802   48.313801
   39.889771   48.313483
   39.891513   48.312795
   39.892873   48.311799
   39.893731   48.310582
   39.893969   48.306332
   39.905911   48.298623
   39.914708   48.294756
   39.916474   48.293297
   39.917801   48.289106
   39.918926   48.287269
   39.920950   48.285422
   39.922103   48.283062
   39.922044   48.279514
   39.920697   48.276930
   39.922423   48.279229
   39.924056   48.280498
   39.923238   48.282582
   39.924077   48.285027
   39.926627   48.286925
   39.929964   48.288043
   39.929835   48.291607
   39.930993   48.293825
   39.932645   48.295305
   39.934204   48.296067
   39.939493   48.297244
   39.941834   48.297433
   39.942760   48.298787
   39.943262   48.300809
   39.944873   48.302480
   39.945205   48.304534
   39.946192   48.305939
   39.947516   48.307004
   39.949912   48.307922
   39.953657   48.308565
   39.955519   48.308450
   39.959180   48.307580
   39.961115   48.309748
   39.964285   48.311008
   39.964602   48.313073
   39.967003   48.315723
   39.971275   48.317943
   39.975865   48.319817
   39.977639   48.320210
   39.980604   48.320290
   39.983990   48.321582
   39.985940   48.321989
   39.991433   48.321657
   39.993510   48.321221
   39.996464   48.319542
   39.999761   48.314558
   40.001014   48.301116
   40.014908   48.274272
   40.018138   48.273180
   40.019955   48.271353
   40.022066   48.266829
   40.021887   48.265541
   40.020867   48.264029
   40.026874   48.255577
   40.027520   48.253815
   40.027285   48.252460
   40.026452   48.251213
   40.013742   48.240524
   40.016361   48.224737
   40.016079   48.223398
   40.015212   48.222174
   40.012702   48.220679
   40.004738   48.219056
   40.002551   48.218881
   39.969318   48.222199
   39.953830   48.223233
   39.949086   48.223814
   39.946264   48.204548
   39.943797   48.180733
   39.943067   48.178986
   39.941361   48.177569
   39.938286   48.176601
   39.925205   48.177369
   39.915369   48.176036
   39.913516   48.168081
   39.913581   48.148074
   39.908940   48.138862
   39.902357   48.131017
   39.898328   48.128735
   39.894576   48.127648
   39.892592   48.126536
   39.881990   48.116275
   39.879088   48.114691
   39.880682   48.108657
   39.875274   48.077708
   39.872889   48.075607
   39.867657   48.073295
   39.861770   48.071538
   39.860563   48.070344
   39.858938   48.069497
   39.857006   48.069012
   39.854622   48.068952
   39.846078   48.065962
   39.851386   48.063029
   39.886648   48.053178
   39.888922   48.052141
   39.890390   48.050591
   39.890812   48.048782
   39.890135   48.040299
   39.888812   48.038233
   39.886154   48.036842
   39.883499   48.036455
   39.787393   48.035448
   39.788498   48.032660
   39.790203   48.030897
   39.791052   48.029263
   39.791199   48.027740
   39.792441   48.025395
   39.792282   48.023574
   39.793581   48.022076
   39.794864   48.018311
   39.797575   48.015354
   39.799364   48.013857
   39.803474   48.012214
   39.806907   48.011454
   39.809337   48.009727
   39.814785   48.008409
   39.816990   48.006661
   39.820989   48.004493
   39.822925   48.002213
   39.823245   48.000495
   39.822584   47.998335
   39.824574   47.995863
   39.824787   47.994617
   39.824412   47.992889
   39.825450   47.990706
   39.825330   47.989075
   39.824467   47.987498
   39.826519   47.986774
   39.828500   47.985435
   39.829394   47.984268
   39.829747   47.982981
   39.829172   47.978832
   39.827108   47.976338
   39.826657   47.973842
   39.825639   47.972679
   39.823851   47.971537
   39.825234   47.970007
   39.825669   47.968801
   39.825585   47.967040
   39.824837   47.965685
   39.824865   47.963972
   39.827513   47.962468
   39.829624   47.959921
   39.831306   47.957005
   39.831487   47.954557
   39.830821   47.953270
   39.828601   47.951289
   39.828440   47.949828
   39.827771   47.948616
   39.825614   47.947026
   39.822597   47.946272
   39.813140   47.946084
   39.812946   47.933575
   39.812105   47.932376
   39.810778   47.931389
   39.807390   47.930390
   39.808235   47.927086
   39.807754   47.925349
   39.806476   47.923423
   39.800376   47.917772
   39.801950   47.873093
   39.801645   47.869577
   39.801058   47.868349
   39.799091   47.866513
   39.797339   47.865495
   39.795653   47.864971
   39.791396   47.864375
   39.783310   47.865001
   39.776185   47.864733
   39.770320   47.865750
   39.770371   47.846453
   39.769860   47.844727
   39.768394   47.843260
   39.766195   47.842276
   39.763596   47.841922
   39.760464   47.842090
   39.743461   47.824813
   39.740059   47.823360
   39.736544   47.823123
   39.665400   47.827619
   39.650644   47.828177
   39.647674   47.828979
   39.644878   47.830867
   39.632896   47.834086
   39.628721   47.834083
   39.626315   47.832216
   39.623136   47.831478
   39.568709   47.831906
   39.566493   47.830234
   39.564152   47.828993
   39.554786   47.825010
   39.551150   47.824045
   39.548084   47.822088
   39.544172   47.820594
   39.540760   47.820529
   39.538265   47.821280
   39.536800   47.822242
   39.532860   47.826031
   39.524054   47.821640
   39.522243   47.821123
   39.519628   47.821006
   39.517140   47.821551
   39.515145   47.822678
   39.475477   47.855115
   39.473552   47.854588
   39.471548   47.854442
   39.467357   47.855070
   39.465525   47.854031
   39.462952   47.851920
   39.460355   47.851068
   39.456423   47.850659
   39.453790   47.848767
   39.450588   47.847671
   39.447962   47.847431
   39.443612   47.848091
   39.441075   47.844991
   39.444560   47.842094
   39.445252   47.840858
   39.445376   47.839541
   39.444649   47.837856
   39.442499   47.836062
   39.440334   47.834981
   39.436787   47.834285
   39.433330   47.833128
   39.429743   47.832727
   39.426608   47.829980
   39.422958   47.828418
   39.418646   47.827208
   39.415613   47.825924
   39.413056   47.825431
   39.411057   47.825512
   39.408077   47.826476
   39.406135   47.828258
   39.382809   47.866944
   39.357994   47.868089
   39.358030   47.866097
   39.356984   47.864490
   39.354523   47.863043
   39.351991   47.862548
   39.244744   47.862893
   39.244064   47.862567
   39.243634   47.859878
   39.241778   47.857840
   39.243285   47.854886
   39.243134   47.852481
   39.241649   47.850578
   39.239010   47.849341
   39.236460   47.849026
   39.184306   47.849257
   39.178489   47.844912
   39.176626   47.843092
   39.174583   47.842224
   39.171949   47.841818
   39.168455   47.842107
   39.166365   47.842610
   39.163670   47.844052
   39.160809   47.846406
   39.158563   47.847559
   39.156406   47.847332
   39.156472   47.842021
   39.155981   47.840299
   39.154980   47.839161
   39.153526   47.838262
   39.151744   47.837679
   39.149783   47.837462
   39.139157   47.837992
   39.108415   47.838048
   39.105402   47.839005
   39.103436   47.840796
   39.102970   47.842097
   39.103043   47.847174
   39.082942   47.847127
   39.079676   47.847671
   39.077200   47.849185
   39.076205   47.850852
   39.076286   47.865161
   38.954826   47.864878
   38.950689   47.865299
   38.940805   47.868570
   38.914283   47.870027
   38.910865   47.868486
   38.907275   47.867917
   38.903265   47.867826
   38.899577   47.868109
   38.895468   47.869135
   38.892831   47.868570
   38.890865   47.868562
   38.885405   47.869686
   38.883687   47.865166
   38.881967   47.863811
   38.880230   47.863142
   38.878274   47.862838
   38.849776   47.861271
   38.849518   47.850958
   38.848307   47.848860
   38.846886   47.847883
   38.845093   47.847230
   38.843088   47.846959
   38.840061   47.847036
   38.837816   47.845884
   38.834896   47.845195
   38.833107   47.844250
   38.833140   47.842488
   38.832624   47.841116
   38.833433   47.839115
   38.833013   47.836057
   38.835017   47.833563
   38.835269   47.831643
   38.836978   47.830874
   38.838219   47.829845
   38.839181   47.827654
   38.838654   47.824186
   38.837777   47.822770
   38.835930   47.821213
   38.835618   47.814902
   38.834444   47.812882
   38.832560   47.811675
   38.829475   47.810967
   38.796327   47.811057
   38.796687   47.802097
   38.797300   47.800448
   38.797183   47.795493
   38.796226   47.793842
   38.792900   47.790878
   38.791038   47.789928
   38.791103   47.789347
   38.794259   47.789103
   38.796095   47.788642
   38.798020   47.787606
   38.799251   47.786460
   38.799892   47.785119
   38.799833   47.783084
   38.798242   47.780799
   38.800616   47.779818
   38.802094   47.778434
   38.802789   47.776897
   38.803247   47.772944
   38.802696   47.771604
   38.801182   47.770185
   38.801265   47.768804
   38.800464   47.767144
   38.798775   47.765807
   38.796419   47.764784
   38.796090   47.737058
   38.795764   47.735710
   38.794421   47.734129
   38.792250   47.733025
   38.789144   47.732507
   38.784026   47.732429
   38.783084   47.732027
   38.783328   47.730529
   38.782625   47.728012
   38.781301   47.726548
   38.778967   47.725250
   38.779302   47.723422
   38.778693   47.721824
   38.779688   47.719459
   38.779426   47.685056
   38.778588   47.682907
   38.776858   47.681543
   38.775108   47.680872
   38.773138   47.680570
   38.755434   47.680794
   38.753036   47.680057
   38.750783   47.679940
   38.748212   47.677473
   38.745918   47.676430
   38.741106   47.675741
   38.734986   47.675699
   38.733145   47.676083
   38.731323   47.676873
   38.729124   47.678700
   38.728388   47.680916
   38.729188   47.684226
   38.727943   47.685353
   38.725322   47.686743
   38.723272   47.689498
   38.723068   47.691758
   38.724120   47.694251
   38.672553   47.694283
   38.672976   47.678384
   38.672737   47.670159
   38.672254   47.668265
   38.671417   47.667069
   38.669000   47.665588
   38.666481   47.665057
   38.636508   47.664736
   38.636542   47.653603
   38.636020   47.651858
   38.634978   47.650712
   38.633476   47.649818
   38.630213   47.649086
   38.626437   47.645535
   38.623662   47.644121
   38.621743   47.641705
   38.619076   47.640387
   38.616457   47.640041
   38.463510   47.639687
   38.463432   47.616563
   38.462293   47.614480
   38.460927   47.613495
   38.459187   47.612819
   38.456549   47.612493
   38.406606   47.612365
   38.401234   47.612594
   38.357547   47.612243
   38.357832   47.579121
   38.357683   47.575701
   38.356881   47.574052
   38.354672   47.572466
   38.351605   47.571739
   38.317891   47.571592
   38.318209   47.553120
   38.317306   47.551020
   38.314992   47.548683
   38.312598   47.542643
   38.310941   47.541245
   38.307947   47.540263
   38.291837   47.540023
   38.291875   47.523859
   38.292288   47.521814
   38.291748   47.517962
   38.291889   47.511777
   38.296256   47.510739
   38.298521   47.509121
   38.300324   47.504935
   38.300641   47.502112
   38.300030   47.499973
   38.297935   47.497579
   38.298581   47.495884
   38.298000   47.493203
   38.298720   47.491525
   38.298652   47.489605
   38.297540   47.487952
   38.295043   47.486292
   38.293722   47.484806
   38.294772   47.482490
   38.295007   47.480517
   38.297076   47.480288
   38.299345   47.479492
   38.302935   47.479602
   38.305435   47.479080
   38.307012   47.478295
   38.308185   47.477245
   38.309044   47.475038
   38.309726   47.437260
   38.309428   47.429511
   38.310173   47.407459
   38.309394   47.398289
   38.309316   47.390724
   38.308646   47.389489
   38.307469   47.388433
   38.304666   47.387305
   38.293670   47.387029
   38.293792   47.373170
   38.292705   47.371100
   38.290846   47.369844
   38.289051   47.369265
   38.287080   47.369056
   38.260605   47.368850
   38.259253   47.367466
   38.256504   47.365884
   38.253816   47.363281
   38.254183   47.361734
   38.255629   47.359854
   38.256099   47.356728
   38.255225   47.354289
   38.252892   47.352374
   38.252713   47.350139
   38.251795   47.348349
   38.249669   47.346448
   38.243227   47.342492
   38.241450   47.341830
   38.237783   47.341139
   38.237219   47.338098
   38.236520   47.336762
   38.234403   47.335072
   38.231597   47.333999
   38.233311   47.331875
   38.233708   47.329685
   38.233180   47.328339
   38.231714   47.326539
   38.230301   47.325684
   38.227744   47.324856
   38.228059   47.310030
   38.234955   47.310118
   38.240722   47.310548
   38.286598   47.310815
   38.301166   47.310575
   38.331919   47.310907
   38.337273   47.310726
   38.339829   47.310107
   38.342185   47.308493
   38.343079   47.306326
   38.342772   47.304621
   38.341159   47.301455
   38.339079   47.299256
   38.340011   47.298109
   38.340411   47.296779
   38.339810   47.291646
   38.338176   47.289317
   38.336568   47.288043
   38.334837   47.284206
   38.332427   47.281920
   38.333577   47.279726
   38.336340   47.278027
   38.337535   47.275963
   38.339164   47.274327
   38.340522   47.269170
   38.339916   47.267599
   38.338170   47.265773
   38.338565   47.264089
   38.338228   47.262446
   38.335919   47.259021
   38.329747   47.253710
   38.327730   47.252633
   38.324602   47.252107
   38.295000   47.251924
   38.295215   47.238323
   38.294147   47.236254
   38.292307   47.234993
   38.290523   47.234407
   38.288560   47.234187
   38.264450   47.233858
   38.262144   47.231829
   38.257768   47.229861
   38.252312   47.229018
   38.247193   47.228957
   38.242257   47.227748
   38.244734   47.225695
   38.246618   47.223020
   38.247116   47.221524
   38.248950   47.219629
   38.249582   47.216967
   38.248447   47.213390
   38.248605   47.211706
   38.247670   47.208803
   38.244777   47.205817
   38.242893   47.204813
   38.242197   47.203738
   38.243032   47.196056
   38.243080   47.182161
   38.243573   47.179126
   38.243249   47.177210
   38.243537   47.143732
   38.243244   47.139378
   38.238493   47.128287
   38.235913   47.125414
   38.235318   47.122889
   38.236177   47.121257
   38.344179   46.982830
   38.344837   46.981543
   38.344888   46.980184
   38.344329   46.978877
   38.342727   46.977415
   38.144982   46.857394
   38.141480   46.856495
   37.623034   46.825525
   37.442268   46.712538
   37.432184   46.708143
   37.416968   46.702541
   37.400425   46.697375
   37.384273   46.693182
   37.367323   46.689621
   37.350068   46.686827
   37.332582   46.684813
   37.314481   46.683567
   37.297220   46.683157
   37.279495   46.683521
   37.261387   46.684721
   37.243890   46.686690
   37.226620   46.689439
   37.209650   46.692956
   37.193475   46.697108
   37.177310   46.702094
   37.169134   46.705066
   37.164200   46.702853
   37.136291   46.693891
   37.119287   46.689476
   37.102040   46.685888
   37.092564   46.676716
   37.081633   46.667541
   37.069564   46.658651
   37.056341   46.650118
   37.043011   46.642580
   37.030880   46.636597
   37.030527   46.629040
   37.028867   46.617234
   37.025951   46.604960
   37.021954   46.593120
   37.016971   46.581755
   37.010784   46.570364
   37.003525   46.559271
   36.995014   46.548271
   36.985921   46.538172
   36.975650   46.528257
   36.964457   46.518821
   36.952389   46.509907
   36.939167   46.501352
   36.925486   46.493606
   36.911095   46.486491
   36.896445   46.480192
   36.880840   46.474411
   36.864716   46.469344
   36.848143   46.465012
   36.831192   46.461436
   36.813936   46.458630
   36.796449   46.456607
   36.778805   46.455377
   36.761082   46.454943
   36.742893   46.455330
   36.725244   46.456515
   36.707745   46.458492
   36.690474   46.461253
   36.673503   46.464785
   36.656906   46.469074
   36.641161   46.473962
   36.625118   46.479840
   36.610062   46.486271
   36.595652   46.493364
   36.582280   46.500889
   36.569321   46.509198
   36.556894   46.518293
   36.542949   46.530314
   36.523611   46.526785
   36.504191   46.524071
   36.497784   46.512256
   36.490686   46.501420
   36.482387   46.490663
   36.472846   46.480054
   36.462812   46.470374
   36.451619   46.460928
   36.439551   46.452005
   36.426660   46.443641
   36.412648   46.435687
   36.398629   46.428735
   36.383608   46.422259
   36.363819   46.414747
   36.356186   46.403677
   36.346724   46.392046
   36.335647   46.380372
   36.323978   46.369734
   36.311000   46.359427
   36.297030   46.349752
   36.282133   46.340754
   36.266379   46.332476
   36.249440   46.324788
   36.232593   46.318232
   36.214719   46.312334
   36.196301   46.307290
   36.177424   46.303126
   36.158178   46.299861
   36.138173   46.297464
   36.118455   46.296061
   36.099129   46.295592
   36.079317   46.296035
   36.059115   46.297456
   36.039583   46.299780
   36.020327   46.303020
   36.001439   46.307159
   35.983443   46.312046
   35.965116   46.318051
   35.947850   46.324752
   35.931289   46.332249
   35.915511   46.340506
   35.900924   46.349269
   35.886592   46.359140
   35.873584   46.369430
   35.861627   46.380304
   35.851005   46.391450
   35.842876   46.401376
   35.838568   46.397758
   35.826785   46.389049
   35.813894   46.380676
   35.800234   46.372899
   35.785863   46.365753
   35.770842   46.359269
   35.755237   46.353475
   35.739113   46.348396
   35.725257   46.344765
   35.721211   46.339537
   35.711882   46.329154
   35.701849   46.319446
   35.690656   46.309975
   35.678281   46.300814
   35.665698   46.292641
   35.652038   46.284852
   35.637667   46.277694
   35.622257   46.271044
   35.606635   46.265257
   35.586840   46.259231
   35.579907   46.250242
   35.570814   46.240088
   35.560545   46.230120
   35.549353   46.220634
   35.536690   46.211355
   35.533477   46.205440
   35.526195   46.194283
   35.517871   46.183474
   35.508543   46.173063
   35.498510   46.163328
   35.487318   46.153830
   35.474262   46.144199
   35.469169   46.132453
   35.462826   46.120704
   35.455727   46.109790
   35.447430   46.098959
   35.438128   46.088523
   35.427859   46.078528
   35.416668   46.069017
   35.404602   46.060030
   35.397214   46.055197
   35.390689   46.043014
   35.383407   46.031825
   35.375084   46.020986
   35.365757   46.010544
   35.355464   46.000544
   35.344249   45.991030
   35.332160   45.982043
   35.319577   45.973822
   35.305917   45.965988
   35.291547   45.958790
   35.276527   45.952257
   35.260513   45.946280
   35.244795   45.941303
   35.228220   45.936929
   35.211266   45.933317
   35.193551   45.930420
   35.176515   45.928441
   35.161409   45.927376
   35.166437   45.919672
   35.172551   45.908434
   35.177728   45.896668
   35.180229   45.889307
   35.186229   45.884222
   35.196315   45.874462
   35.205699   45.864016
   35.214265   45.852906
   35.221582   45.841691
   35.227829   45.830166
   35.232980   45.818380
   35.237013   45.806384
   35.239924   45.794149
   35.244803   45.791708
   35.258174   45.784085
   35.271441   45.775451
   35.283556   45.766448
   35.294538   45.757148
   35.305120   45.746884
   35.314478   45.736407
   35.322832   45.725526
   35.329990   45.714552
   35.336395   45.702736
   35.341439   45.691199
   35.343353   45.685554
   35.351026   45.682222
   35.365436   45.675023
   35.379138   45.667182
   35.391766   45.658947
   35.404188   45.649711
   35.415430   45.640156
   35.425516   45.630353
   35.435108   45.619610
   35.443462   45.608707
   35.450620   45.597709
   35.457024   45.585871
   35.462068   45.574309
   35.465647   45.563469
   35.485507   45.556321
   35.500583   45.549795
   35.515013   45.542594
   35.528737   45.534749
   35.541695   45.526292
   35.553832   45.517261
   35.565098   45.507693
   35.572212   45.500779
   35.575569   45.510918
   35.580552   45.522506
   35.586735   45.534108
   35.593989   45.545401
   35.602284   45.556339
   35.611584   45.566873
   35.621851   45.576959
   35.633040   45.586554
   35.645412   45.595833
   35.658324   45.604313
   35.671654   45.611996
   35.686025   45.619240
   35.701046   45.625813
   35.716653   45.631685
   35.732780   45.636832
   35.749356   45.641231
   35.766312   45.644862
   35.784032   45.647776
   35.801067   45.649765
   35.818717   45.651015
   35.836917   45.651455
   35.854649   45.651062
   35.871840   45.649901
   35.889351   45.647914
   35.907087   45.645048
   35.924062   45.641461
   35.940238   45.637228
   35.956817   45.632002
   35.972064   45.626328
   35.982779   45.621700
   35.992938   45.623859
   36.009750   45.626624
   36.027244   45.628678
   36.045363   45.629950
   36.062623   45.630368
   36.070417   45.630211
   36.084907   45.636599
   36.100532   45.642454
   36.116674   45.647581
   36.134167   45.652109
   36.338856   45.676022
   36.584462   45.639607
   36.669468   45.631093
   36.671376   45.630706
   36.673505   45.629657
   36.674614   45.628557
   36.675262   45.626852
   36.688384   45.456448
   36.670159   45.358953
   36.668709   45.357018
   36.628165   45.325244
   36.609374   45.307513
   36.600531   45.281902
   36.600995   45.252589
   36.600224   45.250453
   36.591310   45.241384
   36.559557   45.218775
   36.537509   45.197963
   36.540615   45.175689
   36.549586   45.134818
   36.574647   45.051638
   36.604935   44.969646
   36.616443   44.941439
   36.616405   44.939760
   36.615444   44.938205
   36.604823   44.927382
   36.592088   44.916542
   36.578042   44.906106
   36.563019   44.896369
   36.546717   44.887181
   36.530323   44.879171
   36.512801   44.871792
   36.494605   44.865274
   36.475819   44.859650
   36.456062   44.854845
   36.436829   44.851184
   36.416808   44.848384
   36.396067   44.846526
   36.376185   44.845716
   36.364967   44.845791
   36.352823   44.840696
   36.334607   44.834194
   36.316255   44.828709
   36.296966   44.824003
   36.276785   44.820160
   36.257244   44.817437
   36.236998   44.815611
   36.216123   44.814760
   36.195712   44.814930
   36.175366   44.816087
   36.155181   44.818227
   36.135728   44.821251
   36.116136   44.825296
   36.103548   44.828566
   36.090974   44.823288
   36.073193   44.816927
   36.054406   44.811298
   36.035117   44.806590
   36.014936   44.802746
   35.994906   44.799967
   35.974653   44.798163
   35.954273   44.797344
   35.934359   44.797498
   35.925060   44.798010
   35.920091   44.796813
   35.900377   44.793070
   35.880836   44.790345
   35.860589   44.788518
   35.840212   44.787675
   35.819303   44.787837
   35.798957   44.788995
   35.779258   44.791072
   35.759319   44.794161
   35.739263   44.798316
   35.720124   44.803322
   35.701517   44.809240
   35.683527   44.816043
   35.666625   44.823513
   35.649731   44.832167
   35.633863   44.841561
   35.625273   44.831806
   35.613344   44.820112
   35.600608   44.809251
   35.586563   44.798796
   35.571194   44.788831
   35.555609   44.780032
   35.538845   44.771811
   35.520907   44.764257
   35.503127   44.757889
   35.484340   44.752254
   35.465051   44.747541
   35.445349   44.743772
   35.425328   44.740967
   35.414291   44.739964
   35.403129   44.734441
   35.396041   44.723211
   35.386474   44.710457
   35.375942   44.698445
   35.364041   44.686715
   35.350743   44.675349
   35.336993   44.665105
   35.321970   44.655328
   35.306040   44.646298
   35.289275   44.638058
   35.271754   44.630648
   35.262559   44.627335
   35.251118   44.620872
   35.234330   44.612644
   35.217203   44.605411
   35.199006   44.598863
   35.180219   44.593213
   35.160929   44.588487
   35.141226   44.584707
   35.120713   44.581837
   35.100955   44.580060
   35.080576   44.579213
   35.059663   44.579376
   35.039316   44.580538
   35.019617   44.582622
   34.999199   44.585810
   34.979618   44.589894
   34.960927   44.594788
   34.942300   44.600708
   34.928311   44.605994
   34.912990   44.603079
   34.893449   44.600345
   34.872703   44.598479
   34.852821   44.597666
   34.832408   44.597812
   34.809750   44.599182
   34.797613   44.594836
   34.778808   44.589205
   34.759503   44.584500
   34.739361   44.580683
   34.735748   44.578003
   34.721047   44.568435
   34.705117   44.559391
   34.688352   44.551139
   34.671604   44.544104
   34.661657   44.530654
   34.650913   44.518343
   34.639013   44.506577
   34.628452   44.497506
   34.626606   44.491547
   34.621025   44.477909
   34.614023   44.464293
   34.605735   44.451045
   34.595985   44.437964
   34.585453   44.425896
   34.573553   44.414112
   34.560552   44.402930
   34.546508   44.392403
   34.531140   44.382370
   34.515556   44.373508
   34.498792   44.365230
   34.481270   44.357786
   34.462213   44.351006
   34.452088   44.343437
   34.437386   44.333830
   34.421086   44.324554
   34.404692   44.316465
   34.387170   44.309014
   34.368973   44.302433
   34.359716   44.299629
   34.350992   44.291002
   34.338256   44.280043
   34.324213   44.269494
   34.309192   44.259651
   34.292892   44.250363
   34.276498   44.242265
   34.258976   44.234804
   34.240779   44.228215
   34.221991   44.222528
   34.202228   44.217668
   34.182994   44.213968
   34.162969   44.211136
   34.142718   44.209290
   34.121833   44.208430
   34.101919   44.208585
   34.094462   44.208997
   34.088086   44.206299
   34.069868   44.199725
   34.051517   44.194181
   34.032225   44.189422
   34.012520   44.185616
   33.992495   44.182783
   33.971743   44.180903
   33.951358   44.180075
   33.930942   44.180247
   33.911089   44.181377
   33.890401   44.183581
   33.870948   44.186638
   33.856892   44.189568
   33.836106   44.185535
   33.816071   44.182726
   33.795813   44.180903
   33.775427   44.180075
   33.755011   44.180247
   33.734660   44.181418
   33.714962   44.183516
   33.695018   44.186638
   33.675421   44.190728
   33.654068   44.196457
   33.634529   44.200501
   33.615350   44.205542
   33.596291   44.211654
   33.578710   44.218358
   33.562202   44.225717
   33.546759   44.228960
   33.528068   44.233885
   33.509440   44.239842
   33.491019   44.246863
   33.473730   44.254593
   33.457587   44.262944
   33.441577   44.272479
   33.427172   44.282324
   33.416593   44.290595
   33.399960   44.293217
   33.380378   44.297322
   33.361237   44.302371
   33.342628   44.308342
   33.324638   44.315204
   33.307350   44.322924
   33.290843   44.331467
   33.275533   44.340576
   33.260479   44.350851
   33.246762   44.361601
   33.234106   44.372989
   33.222570   44.384962
   33.212408   44.397200
   33.203002   44.410539
   33.184162   44.421470
   33.169108   44.431732
   33.155390   44.442467
   33.142733   44.453840
   33.131427   44.465540
   33.120833   44.478282
   33.111689   44.491237
   33.103955   44.504326
   33.097224   44.518313
   33.091968   44.532307
   33.088129   44.546236
   33.085532   44.560886
   33.084389   44.575050
   33.084597   44.589521
   33.086237   44.604231
   33.089163   44.618255
   33.093501   44.632385
   33.099313   44.646549
   33.106186   44.659845
   33.114476   44.673049
   33.124229   44.686082
   33.134761   44.698098
   33.146663   44.709827
   33.159962   44.721188
   33.173712   44.731423
   33.188736   44.741190
   33.205039   44.750402
   33.221433   44.758432
   33.238814   44.765767
   33.236490   44.778902
   33.235348   44.793013
   33.235556   44.807431
   33.237150   44.821803
   33.240196   44.836347
   33.244563   44.850424
   33.250144   44.863975
   33.252438   44.868425
   33.253835   44.875020
   33.258099   44.888803
   33.263783   44.902629
   33.270944   44.916422
   33.279077   44.929294
   33.284041   44.935877
   33.270446   44.935994
   33.250594   44.937109
   33.229918   44.939283
   33.209989   44.942387
   33.190410   44.946446
   33.171720   44.951310
   33.152665   44.957341
   33.139318   44.962366
   33.130845   44.965061
   33.113264   44.971679
   33.095954   44.979295
   33.084770   44.984995
   33.079944   44.986004
   33.061253   44.990865
   33.042628   44.996744
   33.024618   45.003506
   33.007308   45.011119
   32.990414   45.019745
   32.974765   45.028959
   32.960046   45.038903
   32.946613   45.049290
   32.940432   45.054760
   32.931914   45.058523
   32.915407   45.066958
   32.899758   45.076165
   32.885039   45.086101
   32.871318   45.096717
   32.858659   45.107965
   32.847119   45.119790
   32.836958   45.131874
   32.827974   45.144415
   32.818802   45.141165
   32.800450   45.135709
   32.783180   45.131516
   32.769705   45.126734
   32.750903   45.121156
   32.732066   45.116595
   32.712367   45.112851
   32.692348   45.110064
   32.671611   45.108215
   32.651729   45.107409
   32.631320   45.107554
   32.610482   45.108721
   32.590299   45.110849
   32.570847   45.113858
   32.550794   45.117989
   32.531657   45.122967
   32.513051   45.128852
   32.495470   45.135451
   32.485492   45.139823
   32.474103   45.140473
   32.453920   45.142600
   32.433993   45.145692
   32.414877   45.149629
   32.395279   45.154711
   32.376672   45.160593
   32.358682   45.167354
   32.341394   45.174962
   32.324886   45.183380
   32.309237   45.192568
   32.294518   45.202484
   32.280796   45.213079
   32.268136   45.224304
   32.256596   45.236106
   32.246229   45.248430
   32.237081   45.261219
   32.229196   45.274411
   32.222610   45.287947
   32.217352   45.301763
   32.213447   45.315794
   32.210950   45.329686
   32.210528   45.334682
   32.207608   45.340693
   32.202445   45.354210
   32.198445   45.368515
   32.195911   45.382684
   32.194768   45.396647
   32.194994   45.411212
   32.196570   45.425146
   32.199544   45.439261
   32.203883   45.453197
   32.209569   45.466892
   32.216575   45.480281
   32.224869   45.493303
   32.234629   45.506161
   32.245406   45.518261
   32.258239   45.530575
   32.263106   45.539817
   32.271239   45.552548
   32.281000   45.565393
   32.291777   45.577481
   32.303438   45.588779
   32.316446   45.599739
   32.330820   45.610273
   32.345521   45.619670
   32.361455   45.628550
   32.378221   45.636650
   32.395743   45.643931
   32.414371   45.650500
   32.432723   45.655907
   32.452008   45.660545
   32.474371   45.664631
   32.482204   45.670350
   32.497255   45.679945
   32.512839   45.688607
   32.529606   45.696698
   32.547127   45.703972
   32.565323   45.710394
   32.584679   45.716084
   32.600420   45.729605
   32.614496   45.739882
   32.629547   45.749465
   32.645504   45.758310
   32.662292   45.766374
   32.679872   45.773634
   32.697978   45.779907
   32.707839   45.789409
   32.720874   45.800319
   32.734950   45.810583
   32.749652   45.819946
   32.755257   45.823068
   32.732493   45.825288
   32.712092   45.828404
   32.692518   45.832398
   32.673827   45.837186
   32.661313   45.841074
   32.638001   45.841101
   32.617660   45.842214
   32.597477   45.844291
   32.577546   45.847322
   32.557502   45.851398
   32.538811   45.856185
   32.526398   45.860040
   32.505762   45.860097
   32.485372   45.861210
   32.464710   45.863348
   32.444788   45.866400
   32.425214   45.870391
   32.406523   45.875176
   32.387902   45.880963
   32.375443   45.885565
   32.368965   45.885935
   32.348788   45.888033
   32.328866   45.891084
   32.309292   45.895073
   32.290158   45.899982
   32.271980   45.905641
   32.253973   45.912294
   32.245300   45.916040
   32.221069   45.918338
   32.200670   45.921449
   32.181096   45.925436
   32.162405   45.930216
   32.141169   45.936952
   32.118510   45.938080
   32.098328   45.940154
   32.078397   45.943180
   32.058812   45.947144
   32.039664   45.952027
   32.021043   45.957806
   32.003036   45.964453
   31.996039   45.967470
   31.984655   45.968657
   31.965202   45.971621
   31.945161   45.975687
   31.926027   45.980588
   31.907849   45.986239
   31.890445   45.992699
   31.883454   45.993096
   31.863755   45.995129
   31.843825   45.998152
   31.823783   46.002217
   31.802069   46.007917
   31.783775   46.008067
   31.763923   46.009162
   31.743264   46.011293
   31.723342   46.014337
   31.704226   46.018213
   31.685079   46.023090
   31.678658   46.025072
   31.654819   46.026207
   31.634637   46.028278
   31.614707   46.031299
   31.595123   46.035256
   31.575975   46.040132
   31.557355   46.045901
   31.539348   46.052537
   31.534063   46.054810
   31.513319   46.057885
   31.493746   46.061862
   31.474613   46.066755
   31.456009   46.072541
   31.438428   46.079030
   31.420732   46.086678
   31.404223   46.094961
   31.388572   46.104002
   31.373849   46.113760
   31.360416   46.123950
   31.347725   46.134987
   31.338452   46.144284
   31.331294   46.148424
   31.316571   46.158173
   31.302846   46.168592
   31.290447   46.179383
   31.278636   46.191239
   31.268264   46.203360
   31.259112   46.215939
   31.251223   46.228916
   31.244633   46.242230
   31.239372   46.255821
   31.235533   46.269330
   31.232968   46.283279
   31.231776   46.297609
   31.231993   46.311366
   31.232713   46.317755
   31.228645   46.331808
   31.226110   46.345744
   31.224957   46.359764
   31.225194   46.373802
   31.226769   46.387497
   31.229171   46.398715
   31.219166   46.398802
   31.198833   46.399926
   31.179135   46.401944
   31.160557   46.404810
   31.152339   46.400916
   31.135211   46.393908
   31.116588   46.387430
   31.098236   46.382095
   31.078955   46.377518
   31.059263   46.373860
   31.052879   46.372983
   31.045589   46.359376
   31.045505   46.354986
   31.043881   46.340987
   31.040955   46.327387
   31.036613   46.313660
   31.030924   46.300165
   31.023915   46.286966
   31.015618   46.274124
   31.005851   46.261435
   30.995071   46.249494
   30.983410   46.238330
   30.974639   46.231020
   30.973012   46.214976
   30.970037   46.201049
   30.965696   46.187292
   30.959872   46.173483
   30.952999   46.160539
   30.944703   46.147668
   30.935157   46.135215
   30.924405   46.123238
   30.912223   46.111549
   30.899487   46.100935
   30.885436   46.090712
   30.870410   46.081175
   30.854104   46.072177
   30.837710   46.064333
   30.833100   46.062423
   30.829954   46.057569
   30.820599   46.045368
   30.809601   46.033117
   30.797940   46.021909
   30.784931   46.011032
   30.770556   46.000573
   30.755854   45.991242
   30.739921   45.982420
   30.723155   45.974372
   30.705221   45.966978
   30.687440   45.960744
   30.673293   45.956587
   30.669386   45.947320
   30.662513   45.934323
   30.654217   45.921401
   30.644672   45.908898
   30.633675   45.896619
   30.621742   45.885138
   30.608707   45.874247
   30.594632   45.863996
   30.578074   45.853599
   30.568109   45.837584
   30.558537   45.825071
   30.547759   45.813038
   30.535825   45.801541
   30.522791   45.790633
   30.508716   45.780367
   30.490284   45.768914
   30.484919   45.760574
   30.475565   45.748308
   30.464569   45.735994
   30.452908   45.724726
   30.439901   45.713793
   30.425852   45.703500
   30.410826   45.693897
   30.394522   45.684836
   30.377734   45.676762
   30.360607   45.669662
   30.349031   45.665569
   30.335956   45.654492
   30.322205   45.644423
   30.307180   45.634810
   30.290876   45.625740
   30.274482   45.617833
   30.266167   45.614369
   30.254890   45.603446
   30.241856   45.592500
   30.227782   45.582198
   30.212732   45.572588
   30.196776   45.563716
   30.179988   45.555624
   30.162447   45.548350
   30.144666   45.542069
   30.129204   45.537493
   30.115953   45.527770
   30.101251   45.518359
   30.085319   45.509463
   30.074041   45.503999
   30.077848   45.490365
   30.080399   45.476218
   30.081551   45.461983
   30.081333   45.448014
   30.080735   45.442596
   30.091166   45.446158
   30.127612   45.454793
   30.164429   45.459930
   30.202819   45.461738
   30.242153   45.459930
   30.279870   45.454624
   30.315416   45.446158
   30.350716   45.433944
   30.382630   45.418929
   30.410852   45.401552
   30.436731   45.380830
   30.458001   45.358397
   30.474604   45.334735
   30.487190   45.308666
   30.494612   45.282262
   30.496989   45.260599
   30.497084   45.255621
   30.494513   45.228365
   30.487190   45.202430
   30.474917   45.176835
   30.457593   45.152069
   30.436738   45.130054
   30.411475   45.109670
   30.382643   45.091771
   30.349949   45.076349
   30.316282   45.064624
   30.279884   45.055853
   30.242162   45.050508
   30.202816   45.048687
   30.164419   45.050508
   30.127603   45.055681
   30.091152   45.064375
   30.056633   45.076349
   30.041497   45.082963
   30.017612   45.094185
   29.989832   45.112001
   29.965713   45.137634
   29.950993   45.158203
   29.947039   45.165546
   29.791548   45.178957
   29.689805   45.187234
   29.687363   45.187755
   29.685384   45.188837
   29.684375   45.189927
   29.681661   45.195481
   29.681530   45.196826
   29.682910   45.201460
   29.682710   45.202008
   29.678875   45.206322
   29.672427   45.210115
   29.665343   45.217775
   29.663542   45.221339
   29.661897   45.227623
   29.656567   45.235675
   29.655490   45.238097
   29.654855   45.242645
   29.653256   45.246814
   29.652901   45.250169
   29.653800   45.253859
   29.656976   45.260952
   29.659396   45.263720
   29.665799   45.267979
   29.671204   45.270309
   29.669168   45.279555
   29.665870   45.286108
   29.664075   45.292435
   29.663969   45.301209
   29.662974   45.306249
   29.658551   45.313198
   29.650333   45.331251
   29.645564   45.336779
   29.634622   45.344009
   29.626165   45.350488
   29.618069   45.357270
   29.607405   45.368096
   29.595694   45.378352
   29.592185   45.380668
   29.587630   45.384820
   29.584633   45.386752
   29.563191   45.397335
   29.553608   45.401396
   29.547576   45.404724
   29.530777   45.408068
   29.518232   45.410202
   29.496089   45.415332
   29.479121   45.417182
   29.471405   45.418993
   29.461515   45.423399
   29.459117   45.424172
   29.455158   45.425296
   29.441724   45.428104
   29.436458   45.430107
   29.433389   45.432158
   29.430190   45.435671
   29.427120   45.438212
   29.421627   45.438035
   29.416757   45.437212
   29.408806   45.434905
   29.404112   45.432929
   29.395500   45.431401
   29.389214   45.431819
   29.381948   45.434743
   29.367912   45.431970
   29.362700   45.431711
   29.356521   45.432274
   29.344906   45.434907
   29.340530   45.437057
   29.333319   45.442561
   29.330884   45.443660
   29.327025   45.443833
   29.324915   45.443498
   29.322211   45.442147
   29.318614   45.439505
   29.313754   45.435126
   29.311620   45.432579
   29.308817   45.430258
   29.303600   45.427025
   29.296786   45.424183
   29.292254   45.423046
   29.284945   45.422027
   29.275757   45.422443
   29.271229   45.422973
   29.264324   45.424625
   29.255864   45.428297
   29.250283   45.429025
   29.245372   45.429164
   29.241334   45.428549
   29.234595   45.424013
   29.231974   45.421319
   29.227759   45.418810
   29.218926   45.415240
   29.213507   45.413468
   29.205133   45.412424
   29.193661   45.409145
   29.191997   45.408419
   29.190925   45.407135
   29.187527   45.400781
   29.184498   45.397387
   29.181232   45.395210
   29.171097   45.390518
   29.161707   45.387553
   29.153092   45.384391
   29.142416   45.381272
   29.128290   45.378280
   29.123616   45.377886
   29.120177   45.376351
   29.117477   45.374271
   29.114145   45.372600
   29.107088   45.370156
   29.101308   45.369593
   29.089563   45.370004
   29.086384   45.369452
   29.081386   45.365204
   29.077857   45.363107
   29.069272   45.360089
   29.064566   45.357289
   29.061000   45.355847
   29.054908   45.354855
   29.047704   45.355179
   29.045139   45.355764
   29.043225   45.354756
   29.040680   45.352512
   29.034315   45.348885
   29.029561   45.346686
   29.012343   45.340765
   29.007294   45.338032
   29.000927   45.333352
   28.992136   45.329430
   28.985044   45.327715
   28.981356   45.327457
   28.972941   45.327796
   28.971266   45.327750
   28.969990   45.327344
   28.967839   45.325656
   28.963320   45.321054
   28.960316   45.315680
   28.956090   45.310976
   28.955486   45.309345
   28.956453   45.306935
   28.960467   45.300337
   28.961457   45.297213
   28.961236   45.290925
   28.958668   45.284983
   28.955607   45.281378
   28.951640   45.278717
   28.947724   45.277212
   28.943778   45.276154
   28.939143   45.275809
   28.934181   45.275941
   28.929081   45.276778
   28.920767   45.279264
   28.910874   45.283653
   28.883882   45.301580
   28.878868   45.305360
   28.872508   45.310899
   28.870318   45.312279
   28.867829   45.312799
   28.860085   45.311600
   28.853823   45.311298
   28.847221   45.311846
   28.842475   45.313371
   28.838676   45.315102
   28.830233   45.320087
   28.825689   45.323554
   28.820057   45.329021
   28.818161   45.330582
   28.816613   45.331323
   28.815011   45.331760
   28.806426   45.331954
   28.799073   45.330572
   28.788864   45.325862
   28.787564   45.324928
   28.787347   45.324184
   28.788741   45.323415
   28.798172   45.320821
   28.803239   45.318932
   28.807708   45.316690
   28.811038   45.313896
   28.811970   45.312299
   28.812584   45.309037
   28.811845   45.305324
   28.809147   45.300819
   28.798818   45.290391
   28.797001   45.289292
   28.789305   45.287112
   28.784025   45.286311
   28.778329   45.286127
   28.772824   45.286607
   28.765769   45.286793
   28.762276   45.286109
   28.759992   45.285008
   28.759118   45.283984
   28.758763   45.281655
   28.759271   45.279869
   28.760565   45.277601
   28.769112   45.266999
   28.770078   45.266390
   28.775033   45.264890
   28.781864   45.264923
   28.788912   45.262690
   28.793437   45.259959
   28.797112   45.256593
   28.798244   45.254882
   28.799493   45.246969
   28.799360   45.242937
   28.798589   45.241328
   28.796255   45.238618
   28.792897   45.236309
   28.784016   45.233475
   28.774061   45.232023
   28.764076   45.231850
   28.751572   45.230088
   28.747408   45.229110
   28.740385   45.225922
   28.732520   45.223249
   28.721001   45.220187
   28.714879   45.219154
   28.704896   45.219417
   28.694229   45.221844
   28.680495   45.227078
   28.671316   45.231026
   28.666495   45.232572
   28.661136   45.234066
   28.640501   45.238643
   28.631185   45.239854
   28.597740   45.241435
   28.577600   45.242748
   28.567142   45.243870
   28.558895   45.245839
   28.543699   45.251544
   28.536307   45.255388
   28.528716   45.258618
   28.518082   45.261453
   28.508526   45.264552
   28.492500   45.271066
   28.473985   45.276780
   28.463814   45.280392
   28.451825   45.283846
   28.443361   45.285296
   28.402401   45.298366
   28.385474   45.303264
   28.366553   45.310252
   28.345779   45.316424
   28.336647   45.322180
   28.330069   45.328219
   28.325376   45.334205
   28.318566   45.343718
   28.313604   45.349871
   28.310665   45.354482
   28.308490   45.359651
   28.296257   45.376909
   28.289242   45.383990
   28.285688   45.388262
   28.278924   45.398102
   28.277233   45.406995
   28.277258   45.412373
   28.277502   45.415025
   28.280055   45.426084
   28.279920   45.432497
   28.274807   45.441644
   28.266981   45.447625
   28.263580   45.449767
   28.257180   45.452363
   28.253723   45.453497
   28.249549   45.454057
   28.243827   45.455768
   28.220900   45.461561
   28.211202   45.463045
   28.208990   45.464073
   28.207554   45.465591
   28.207179   45.467807
   28.208506   45.472586
   28.235924   45.502451
   28.242220   45.509904
   28.251394   45.519380
   28.262869   45.527246
   28.267568   45.530100
   28.269314   45.531592
   28.285284   45.541011
   28.292145   45.545799
   28.296767   45.548493
   28.301740   45.550950
   28.304932   45.551430
   28.310511   45.550414
   28.351949   45.538365
   28.368282   45.533241
   28.392255   45.526473
   28.395546   45.525086
   28.403292   45.523217
   28.424846   45.516295
   28.426948   45.514591
   28.427590   45.512876
   28.426528   45.507630
   28.426237   45.503760
   28.427225   45.495103
   28.427318   45.490332
   28.432065   45.490643
   28.507179   45.503190
   28.484637   45.570156
   28.484712   45.572310
   28.486283   45.574197
   28.488993   45.575388
   28.536060   45.583326
   28.533781   45.589845
   28.532575   45.594813
   28.510698   45.659881
   28.491391   45.656815
   28.487485   45.655948
   28.484805   45.656020
   28.482374   45.656772
   28.480944   45.657716
   28.479992   45.658896
   28.475220   45.670920
   28.474037   45.678163
   28.474366   45.679545
   28.478100   45.686606
   28.483831   45.690458
   28.487012   45.692022
   28.491378   45.695108
   28.499071   45.702594
   28.504198   45.713359
   28.508009   45.726354
   28.511689   45.734081
   28.512607   45.737402
   28.513942   45.739235
   28.517124   45.741367
   28.521559   45.742336
   28.525648   45.741921
   28.527884   45.741222
   28.533872   45.737799
   28.536898   45.738702
   28.553678   45.740805
   28.555611   45.740786
   28.558029   45.740207
   28.559952   45.739076
   28.563195   45.735677
   28.566866   45.731053
   28.576414   45.732539
   28.585080   45.733375
   28.587281   45.735594
   28.588230   45.737316
   28.587772   45.740557
   28.584224   45.753498
   28.579537   45.761183
   28.577329   45.764132
   28.574835   45.766636
   28.574058   45.768298
   28.574637   45.772169
   28.575545   45.773360
   28.577488   45.774578
   28.583329   45.776899
   28.586711   45.777138
   28.593922   45.776418
   28.598459   45.775410
   28.616264   45.772413
   28.620145   45.771275
   28.624398   45.770967
   28.701392   45.783304
   28.690294   45.817092
   28.690549   45.819317
   28.691903   45.820868
   28.694684   45.822123
   28.716304   45.825942
   28.777870   45.835657
   28.747609   45.928200
   28.747808   45.929947
   28.749425   45.931847
   28.752196   45.933024
   28.755486   45.933365
   28.756537   45.934512
   28.754456   45.940516
   28.749936   45.956719
   28.750187   45.958457
   28.751413   45.960003
   28.752867   45.960895
   28.754645   45.961472
   28.771498   45.963905
   28.769680   45.969663
   28.769643   45.971389
   28.770262   45.972620
   28.771383   45.973685
   28.774100   45.974858
   28.842247   45.985951
   28.912242   45.996843
   28.917071   45.997916
   28.973926   46.007316
   28.997737   46.048531
   28.945198   46.090859
   28.943797   46.092780
   28.943879   46.094912
   28.945011   46.096451
   28.968892   46.117532
   29.012837   46.155804
   29.021427   46.162885
   29.057830   46.194891
   28.947913   46.255973
   28.946600   46.256942
   28.945594   46.258540
   28.946088   46.264497
   28.947752   46.268613
   28.979316   46.320428
   28.981021   46.321811
   28.983400   46.322648
   28.986751   46.322738
   28.990567   46.321667
   28.990839   46.322395
   28.990089   46.324695
   28.990116   46.327109
   28.986793   46.335351
   28.986288   46.338539
   28.982811   46.339352
   28.980625   46.341029
   28.969841   46.359603
   28.960785   46.373452
   28.934969   46.429615
   28.930763   46.450117
   28.924974   46.455453
   28.924231   46.456674
   28.924050   46.457985
   28.924701   46.459681
   28.925806   46.460775
   28.927922   46.461820
   28.929819   46.462208
   28.958031   46.463279
   28.966264   46.463996
   28.968778   46.463766
   29.001063   46.464687
   29.018068   46.466279
   29.016901   46.475472
   28.994017   46.474890
   28.990935   46.473715
   28.983789   46.473374
   28.980627   46.473986
   28.973200   46.477905
   28.971392   46.479652
   28.970981   46.481753
   28.974824   46.490369
   28.976521   46.492243
   28.978719   46.493221
   28.980648   46.493546
   29.027107   46.495048
   29.029223   46.496806
   29.032085   46.497634
   29.031902   46.506240
   29.032598   46.507901
   29.034182   46.509269
   29.035817   46.509980
   29.037689   46.510355
   29.056140   46.511289
   29.056186   46.513344
   29.057121   46.514980
   29.058923   46.516258
   29.061322   46.516987
   29.156328   46.519712
   29.155044   46.544702
   29.155687   46.546401
   29.157766   46.548092
   29.160146   46.548851
   29.234012   46.562647
   29.236694   46.562773
   29.239242   46.562202
   29.241641   46.560653
   29.242719   46.558211
   29.242517   46.556459
   29.247036   46.504509
   29.249379   46.504738
   29.252071   46.504376
   29.254330   46.503338
   29.255514   46.502215
   29.261812   46.486577
   29.262026   46.485230
   29.261365   46.483484
   29.260218   46.482363
   29.230046   46.463848
   29.234771   46.461196
   29.235799   46.460092
   29.236311   46.458839
   29.236797   46.437177
   29.238296   46.434831
   29.238622   46.433523
   29.238149   46.431789
   29.236843   46.430405
   29.239701   46.428000
   29.248838   46.423098
   29.252955   46.418567
   29.253537   46.417335
   29.253571   46.416044
   29.253054   46.414800
   29.252028   46.413703
   29.244160   46.408545
   29.216820   46.387193
   29.239100   46.381445
   29.251566   46.389088
   29.259176   46.394391
   29.256471   46.397406
   29.255815   46.399560
   29.256766   46.401665
   29.258570   46.402988
   29.257255   46.404958
   29.257448   46.407135
   29.258707   46.408675
   29.261143   46.410221
   29.265138   46.411783
   29.294814   46.421661
   29.298125   46.421608
   29.300998   46.420569
   29.302558   46.419167
   29.306057   46.414260
   29.315299   46.417098
   29.299312   46.443447
   29.299500   46.445645
   29.301230   46.447525
   29.302852   46.448308
   29.309631   46.450144
   29.308367   46.452431
   29.305665   46.455435
   29.304250   46.460572
   29.302085   46.462407
   29.301264   46.463583
   29.300980   46.464865
   29.301255   46.466147
   29.302068   46.467325
   29.303350   46.468303
   29.307827   46.470096
   29.318329   46.473344
   29.323189   46.475392
   29.327236   46.475794
   29.325790   46.477968
   29.325798   46.479784
   29.326881   46.481451
   29.330219   46.483700
   29.328772   46.486145
   29.327650   46.489300
   29.326090   46.491740
   29.324931   46.494840
   29.324834   46.496661
   29.325484   46.497962
   29.327200   46.499385
   29.333621   46.502273
   29.347691   46.508047
   29.350782   46.508712
   29.353372   46.508506
   29.355133   46.507934
   29.356576   46.507052
   29.357580   46.505935
   29.385032   46.461130
   29.385379   46.458907
   29.384265   46.457028
   29.386326   46.453624
   29.443512   46.501769
   29.445630   46.502770
   29.448159   46.503173
   29.450732   46.502919
   29.452975   46.502045
   29.470551   46.489596
   29.504214   46.466727
   29.507730   46.464159
   29.508775   46.462996
   29.509237   46.460775
   29.508034   46.458680
   29.492255   46.446580
   29.494931   46.440481
   29.495265   46.438583
   29.498491   46.433643
   29.501488   46.432660
   29.509073   46.427479
   29.567214   46.420943
   29.569665   46.420347
   29.571181   46.419519
   29.572278   46.418439
   29.572867   46.417197
   29.585913   46.366061
   29.599907   46.367465
   29.603400   46.366960
   29.605468   46.365979
   29.606852   46.364565
   29.608746   46.358782
   29.671164   46.365081
   29.667331   46.382348
   29.661382   46.403994
   29.653578   46.435217
   29.653538   46.436576
   29.654109   46.437882
   29.655724   46.439338
   29.657434   46.440088
   29.675956   46.445777
   29.678507   46.446190
   29.680471   46.446061
   29.682298   46.445564
   29.684630   46.444044
   29.685551   46.442414
   29.687047   46.436445
   29.689170   46.435852
   29.690648   46.435000
   29.691940   46.433500
   29.692308   46.432008
   29.708684   46.435265
   29.725006   46.438036
   29.724346   46.440212
   29.724726   46.441493
   29.725641   46.442648
   29.727557   46.443831
   29.733346   46.445755
   29.720549   46.465003
   29.720012   46.466319
   29.720255   46.468124
   29.721547   46.469721
   29.723085   46.470626
   29.734352   46.475614
   29.738592   46.477133
   29.740466   46.477469
   29.742407   46.477441
   29.744258   46.477052
   29.752473   46.474391
   29.754255   46.473396
   29.770472   46.458337
   29.774859   46.459186
   29.777494   46.459185
   29.780466   46.458261
   29.782441   46.456659
   29.796231   46.423343
   29.796497   46.421981
   29.796211   46.420747
   29.798083   46.420840
   29.800030   46.420562
   29.802748   46.419321
   29.804232   46.417805
   29.828373   46.398657
   29.829644   46.397118
   29.829848   46.394937
   29.828487   46.392947
   29.816911   46.386294
   29.847570   46.374200
   29.882438   46.360918
   29.879969   46.371102
   29.880346   46.372917
   29.881565   46.374440
   29.930584   46.402208
   29.934245   46.403973
   29.937167   46.404792
   29.939741   46.404978
   29.942234   46.404513
   29.945511   46.402736
   29.948401   46.401588
   29.986719   46.389508
   29.993683   46.393608
   29.995458   46.394116
   29.997377   46.394273
   29.999892   46.393920
   30.020721   46.388105
   30.054637   46.402578
   30.057215   46.403070
   30.059920   46.403037
   30.071906   46.401417
   30.074296   46.400763
   30.077111   46.399244
   30.096378   46.386042
   30.100807   46.393410
   30.102461   46.394792
   30.133969   46.406503
   30.130243   46.407059
   30.128024   46.407789
   30.124518   46.409907
   30.123298   46.411585
   30.123052   46.413426
   30.123911   46.415726
   30.125538   46.417316
   30.119225   46.422730
   30.113657   46.425982
   30.111825   46.424284
   30.109525   46.423375
   30.106743   46.422969
   30.102475   46.423590
   30.098615   46.421709
   30.094959   46.421089
   30.089999   46.421515
   30.088194   46.422193
   30.086273   46.423580
   30.083718   46.420786
   30.081959   46.420010
   30.079300   46.419419
   30.074867   46.419852
   30.068965   46.421544
   30.057419   46.421944
   30.054204   46.422889
   30.052080   46.424127
   30.050972   46.425135
   30.049513   46.427581
   30.048195   46.432673
   30.048396   46.435419
   30.049227   46.437208
   30.051207   46.439090
   30.046680   46.439100
   30.033338   46.437408
   30.022936   46.437368
   30.018502   46.438457
   30.015717   46.440713
   30.014977   46.443521
   30.016085   46.447233
   30.018333   46.450586
   30.016613   46.450523
   30.009496   46.448876
   30.007373   46.448961
   30.005330   46.449418
   29.998780   46.452093
   29.994504   46.454709
   29.989612   46.458078
   29.987776   46.460308
   29.987061   46.462652
   29.987533   46.464950
   29.989583   46.467185
   29.992674   46.468537
   29.989178   46.471072
   29.988148   46.472493
   29.987643   46.474283
   29.985322   46.476222
   29.983730   46.478824
   29.982800   46.481970
   29.982717   46.484509
   29.983201   46.487281
   29.984573   46.489802
   29.982061   46.491300
   29.980252   46.494412
   29.978255   46.494930
   29.975438   46.496279
   29.972773   46.492272
   29.969389   46.489266
   29.964027   46.486635
   29.958260   46.485393
   29.954133   46.485317
   29.949905   46.486185
   29.947287   46.487828
   29.946100   46.490103
   29.938417   46.489074
   29.935183   46.489431
   29.932329   46.490356
   29.930121   46.491823
   29.928692   46.493639
   29.928210   46.495095
   29.928439   46.496944
   29.921066   46.499039
   29.917801   46.501430
   29.916783   46.502936
   29.916409   46.504817
   29.916964   46.506765
   29.918034   46.508357
   29.911117   46.508174
   29.907389   46.508586
   29.904381   46.509565
   29.901620   46.511049
   29.899583   46.512682
   29.898371   46.514488
   29.898088   46.516780
   29.899157   46.518983
   29.900764   46.520352
   29.894157   46.522279
   29.890837   46.524260
   29.889723   46.525359
   29.888459   46.527691
   29.888249   46.529988
   29.889503   46.532654
   29.891523   46.534180
   29.887781   46.537033
   29.886202   46.539216
   29.884054   46.538024
   29.881144   46.537372
   29.878413   46.537431
   29.875265   46.538232
   29.873662   46.539113
   29.872176   46.540486
   29.869458   46.545354
   29.869175   46.547136
   29.869956   46.548850
   29.871994   46.550517
   29.874238   46.551453
   29.878338   46.551844
   29.881167   46.552593
   29.884480   46.552400
   29.890527   46.552707
   29.922711   46.557112
   29.925144   46.557539
   29.927934   46.558553
   29.933040   46.559503
   29.933662   46.561300
   29.935321   46.563034
   29.935561   46.564447
   29.933909   46.565336
   29.932551   46.566862
   29.929594   46.576779
   29.928356   46.579363
   29.928734   46.582842
   29.929483   46.584019
   29.930722   46.585024
   29.929364   46.588820
   29.929956   46.590956
   29.931480   46.592377
   29.933097   46.593131
   29.936619   46.593742
   29.938623   46.593781
   29.941726   46.592996
   29.943780   46.591502
   29.946001   46.591880
   29.948031   46.591785
   29.954325   46.590019
   29.958141   46.589658
   29.961247   46.598221
   29.957947   46.600574
   29.956048   46.602845
   29.953099   46.607976
   29.948160   46.618262
   29.947633   46.622821
   29.947980   46.628715
   29.947424   46.633235
   29.943935   46.637070
   29.940408   46.642848
   29.939265   46.645662
   29.939069   46.648534
   29.939452   46.650788
   29.941234   46.653975
   29.947130   46.659280
   29.948784   46.662390
   29.950650   46.671794
   29.950933   46.677262
   29.952283   46.680387
   29.955338   46.683337
   29.958359   46.684958
   29.962065   46.686310
   29.963228   46.687300
   29.963896   46.689107
   29.962089   46.700282
   29.960193   46.707618
   29.959813   46.711500
   29.961118   46.715089
   29.961657   46.717993
   29.961164   46.726577
   29.961356   46.730935
   29.962270   46.734665
   29.966733   46.746814
   29.967285   46.750809
   29.964685   46.751464
   29.961769   46.752691
   29.960473   46.753716
   29.959686   46.754947
   29.958906   46.758291
   29.959523   46.770081
   29.954479   46.776688
   29.948754   46.782852
   29.944033   46.787271
   29.936271   46.793674
   29.935497   46.795359
   29.935606   46.796968
   29.929107   46.803713
   29.928354   46.805823
   29.928885   46.807528
   29.930835   46.809269
   29.957767   46.821323
   29.961006   46.822079
   29.966223   46.821765
   29.965431   46.823169
   29.964310   46.827058
   29.963134   46.829103
   29.956866   46.831382
   29.954782   46.832997
   29.953825   46.834207
   29.948380   46.836698
   29.934759   46.832467
   29.936503   46.829825
   29.936826   46.828029
   29.935710   46.825900
   29.933777   46.824624
   29.916238   46.818647
   29.907314   46.815994
   29.904015   46.815817
   29.902111   46.816223
   29.900468   46.816977
   29.898918   46.818409
   29.886631   46.836357
   29.879120   46.846086
   29.877768   46.848484
   29.877388   46.851661
   29.878453   46.853695
   29.880261   46.854940
   29.884711   46.856348
   29.882362   46.865335
   29.879608   46.873641
   29.878188   46.880897
   29.854852   46.878337
   29.855668   46.875570
   29.855215   46.873824
   29.853300   46.872020
   29.850327   46.871032
   29.750955   46.856647
   29.748962   46.856563
   29.746409   46.857048
   29.743923   46.858494
   29.742864   46.860108
   29.725588   46.914191
   29.720204   46.913861
   29.718293   46.914245
   29.716632   46.914980
   29.714790   46.916801
   29.713712   46.920950
   29.710700   46.920185
   29.700950   46.919394
   29.697341   46.920005
   29.648997   46.914962
   29.645666   46.915160
   29.642877   46.916384
   29.641302   46.918341
   29.634164   46.949243
   29.574275   46.935961
   29.570917   46.935791
   29.568397   46.936444
   29.566459   46.937695
   29.551133   46.956323
   29.550591   46.958044
   29.551079   46.959772
   29.552524   46.961246
   29.554707   46.962243
   29.589224   46.967260
   29.592671   47.014892
   29.595959   47.042955
   29.597686   47.044849
   29.600562   47.045974
   29.604909   47.046813
   29.620467   47.048530
   29.611836   47.078504
   29.609401   47.084320
   29.609011   47.087284
   29.606981   47.095077
   29.587457   47.093324
   29.575517   47.091738
   29.568197   47.091408
   29.554914   47.089898
   29.556553   47.075799
   29.555945   47.074030
   29.554339   47.072563
   29.551992   47.071632
   29.549971   47.071379
   29.530439   47.070929
   29.527217   47.071382
   29.525109   47.072440
   29.523766   47.073951
   29.523114   47.081250
   29.511138   47.106894
   29.499353   47.104661
   29.497402   47.104834
   29.495606   47.105369
   29.494116   47.106223
   29.493056   47.107323
   29.489655   47.122602
   29.489035   47.128329
   29.487927   47.131608
   29.488514   47.133360
   29.489958   47.134913
   29.492031   47.135989
   29.493907   47.136407
   29.497649   47.136211
   29.506842   47.133097
   29.541818   47.136187
   29.554542   47.138055
   29.564605   47.138695
   29.572231   47.139517
   29.561869   47.180419
   29.545299   47.251139
   29.545471   47.252426
   29.546535   47.253994
   29.547875   47.254933
   29.550175   47.255725
   29.590963   47.261003
   29.581112   47.307142
   29.575083   47.338341
   29.574910   47.340948
   29.574018   47.343376
   29.573401   47.347838
   29.571819   47.354036
   29.568644   47.365289
   29.519516   47.360217
   29.500862   47.354501
   29.498082   47.352387
   29.495456   47.351521
   29.497089   47.349622
   29.497569   47.347984
   29.495353   47.342059
   29.497828   47.341177
   29.499489   47.339802
   29.500231   47.338111
   29.499943   47.336359
   29.498092   47.331862
   29.496594   47.330081
   29.493974   47.328782
   29.490371   47.328328
   29.491655   47.326234
   29.492841   47.322410
   29.492515   47.320796
   29.491365   47.319263
   29.492536   47.305792
   29.492194   47.304461
   29.491274   47.303256
   29.489859   47.302285
   29.487425   47.301499
   29.471394   47.298747
   29.452776   47.296082
   29.453029   47.294389
   29.452426   47.292719
   29.450927   47.291318
   29.448749   47.290389
   29.428331   47.287706
   29.424970   47.287839
   29.422115   47.289022
   29.420671   47.290538
   29.418342   47.299300
   29.398749   47.295956
   29.396699   47.296085
   29.394801   47.296614
   29.392801   47.297852
   29.391876   47.299072
   29.376959   47.344663
   29.377261   47.346560
   29.378787   47.348394
   29.383522   47.350788
   29.390576   47.355410
   29.385290   47.374367
   29.368064   47.371929
   29.366404   47.370181
   29.363532   47.369067
   29.338635   47.365963
   29.336609   47.365915
   29.334045   47.366465
   29.332444   47.367290
   29.331280   47.368391
   29.330655   47.369669
   29.323024   47.401292
   29.322405   47.402561
   29.319255   47.415895
   29.318400   47.421182
   29.312718   47.442656
   29.308550   47.439213
   29.306729   47.438574
   29.296855   47.436366
   29.295259   47.434329
   29.292179   47.432804
   29.289320   47.432227
   29.278990   47.431854
   29.276435   47.430910
   29.268118   47.426175
   29.267404   47.424891
   29.266258   47.423887
   29.263194   47.422215
   29.261271   47.421630
   29.260299   47.420919
   29.260443   47.418261
   29.260006   47.416908
   29.255782   47.412686
   29.252970   47.411705
   29.242842   47.410824
   29.240365   47.411381
   29.238386   47.412516
   29.237409   47.413648
   29.236720   47.415753
   29.235489   47.450351
   29.198066   47.423201
   29.194311   47.421115
   29.192379   47.420632
   29.190319   47.420555
   29.187107   47.421329
   29.183686   47.423702
   29.182091   47.426420
   29.180284   47.427758
   29.178936   47.429359
   29.178409   47.430618
   29.178518   47.432208
   29.176633   47.435383
   29.176652   47.436710
   29.177251   47.437976
   29.180184   47.440168
   29.175634   47.447819
   29.175517   47.450012
   29.176565   47.451630
   29.183190   47.458032
   29.165924   47.448879
   29.164060   47.448320
   29.162028   47.448152
   29.158770   47.448769
   29.156742   47.449972
   29.151141   47.457710
   29.150753   47.458984
   29.150927   47.460277
   29.151649   47.461485
   29.152858   47.462507
   29.177611   47.475788
   29.176803   47.477934
   29.177269   47.480705
   29.179176   47.483692
   29.182140   47.486091
   29.183777   47.486858
   29.180466   47.488330
   29.177954   47.489996
   29.176806   47.491038
   29.176148   47.492251
   29.175662   47.496680
   29.178137   47.502894
   29.178687   47.505399
   29.178054   47.511087
   29.154249   47.502402
   29.152364   47.502063
   29.150412   47.502093
   29.148552   47.502488
   29.146937   47.503216
   29.145390   47.504599
   29.110794   47.552469
   29.110207   47.553722
   29.110187   47.555035
   29.111396   47.557054
   29.113310   47.558252
   29.153369   47.571605
   29.164023   47.575420
   29.166692   47.575773
   29.168715   47.575564
   29.171095   47.574689
   29.172983   47.573233
   29.178446   47.574992
   29.178305   47.579336
   29.179383   47.580873
   29.180972   47.581982
   29.179708   47.583443
   29.179219   47.585088
   29.179232   47.586473
   29.179876   47.587790
   29.184685   47.591354
   29.185848   47.593716
   29.187369   47.595180
   29.189009   47.595959
   29.194911   47.597518
   29.195842   47.598453
   29.194198   47.601083
   29.193889   47.602399
   29.194395   47.604139
   29.195420   47.605285
   29.201005   47.608458
   29.205802   47.611885
   29.209375   47.613947
   29.202963   47.626698
   29.202814   47.629288
   29.204400   47.631499
   29.205900   47.632374
   29.207718   47.632923
   29.209697   47.633099
   29.211669   47.632887
   29.214487   47.631735
   29.216801   47.636600
   29.217955   47.637875
   29.207495   47.637951
   29.205100   47.638779
   29.203377   47.640158
   29.202566   47.642322
   29.203052   47.658559
   29.203860   47.660190
   29.206051   47.661759
   29.208441   47.662419
   29.212706   47.662536
   29.212462   47.676361
   29.213057   47.679177
   29.212885   47.683005
   29.213958   47.684631
   29.215664   47.685935
   29.217928   47.686733
   29.220614   47.686990
   29.214140   47.694786
   29.213586   47.696542
   29.214177   47.698405
   29.198422   47.716848
   29.197587   47.718556
   29.197661   47.719905
   29.208817   47.740240
   29.210185   47.741746
   29.211728   47.742583
   29.216933   47.744239
   29.243033   47.754413
   29.268493   47.800917
   29.249789   47.805629
   29.238271   47.794799
   29.235782   47.793371
   29.233898   47.792953
   29.231911   47.792912
   29.216672   47.794263
   29.214113   47.795503
   29.208809   47.800085
   29.201568   47.807917
   29.192745   47.816121
   29.191801   47.817801
   29.191655   47.820415
   29.194340   47.825036
   29.195840   47.829436
   29.197529   47.832764
   29.201327   47.839000
   29.205795   47.843135
   29.209110   47.844278
   29.212869   47.849206
   29.215492   47.851028
   29.218509   47.855434
   29.221872   47.859144
   29.226082   47.861595
   29.229076   47.862177
   29.229581   47.863996
   29.230492   47.865165
   29.235254   47.868776
   29.238832   47.870850
   29.248740   47.873797
   29.261194   47.878244
   29.263538   47.881550
   29.266099   47.882914
   29.269140   47.883493
   29.270460   47.885637
   29.215234   47.881457
   29.201093   47.879856
   29.199070   47.879967
   29.197185   47.880468
   29.194794   47.882036
   29.193887   47.883722
   29.185863   47.919612
   29.179124   47.959789
   29.176996   47.960327
   29.175478   47.961139
   29.174368   47.962202
   29.173758   47.963430
   29.172437   47.968472
   29.169296   47.989145
   29.152833   47.988849
   29.135538   47.988948
   29.138004   47.984511
   29.137727   47.981618
   29.137120   47.980364
   29.135994   47.979279
   29.134444   47.978456
   29.132603   47.977963
   29.125968   47.977713
   29.118535   47.978957
   29.114246   47.978752
   29.110611   47.979250
   29.108547   47.978316
   29.103467   47.977223
   29.101479   47.977172
   29.098148   47.977698
   29.099945   47.977217
   29.101498   47.976395
   29.102628   47.975311
   29.103239   47.974056
   29.104912   47.960547
   29.104388   47.958340
   29.102335   47.956569
   29.098867   47.955318
   29.094980   47.955080
   29.092110   47.955778
   29.093566   47.946710
   29.093062   47.944961
   29.091579   47.943476
   29.089347   47.942486
   29.081855   47.941424
   29.075262   47.939484
   29.057699   47.938143
   29.051352   47.938251
   29.048872   47.938798
   29.040418   47.941963
   29.038660   47.940251
   29.035789   47.938632
   29.032608   47.938118
   29.030031   47.938461
   29.021354   47.942284
   29.019530   47.943597
   29.017825   47.945536
   29.013990   47.947886
   29.008649   47.952407
   29.005593   47.952638
   28.999217   47.953894
   28.996575   47.955145
   28.995196   47.956853
   28.992625   47.956997
   28.990805   47.957540
   28.983060   47.962278
   28.980532   47.964180
   28.973925   47.967899
   28.962456   47.973334
   28.956192   47.969647
   28.929479   47.956311
   28.927595   47.955768
   28.925553   47.955621
   28.923537   47.955884
   28.921731   47.956533
   28.917404   47.959668
   28.897535   47.976669
   28.877299   47.992513
   28.871699   47.998613
   28.870844   48.000698
   28.871546   48.002809
   28.873643   48.004462
   28.878176   48.006044
   28.877491   48.007413
   28.869688   48.011030
   28.862944   48.014762
   28.861538   48.016132
   28.859334   48.015420
   28.856735   48.015249
   28.854721   48.015463
   28.852353   48.016341
   28.850438   48.017768
   28.849627   48.018983
   28.849193   48.020600
   28.849086   48.024658
   28.834855   48.031603
   28.832993   48.033487
   28.832631   48.034826
   28.832886   48.036176
   28.840623   48.049233
   28.843075   48.054349
   28.844561   48.059194
   28.838040   48.063256
   28.837103   48.064856
   28.837202   48.066756
   28.835323   48.066799
   28.833445   48.067212
   28.828275   48.069874
   28.826781   48.071795
   28.826672   48.073529
   28.827919   48.075526
   28.835308   48.081818
   28.838265   48.082877
   28.842708   48.083106
   28.850336   48.100798
   28.850622   48.102487
   28.848997   48.106311
   28.841245   48.113322
   28.837696   48.119343
   28.835214   48.119542
   28.832861   48.120407
   28.831530   48.121418
   28.830099   48.123241
   28.815548   48.119907
   28.812309   48.119909
   28.810496   48.120396
   28.808541   48.121533
   28.804483   48.126685
   28.801397   48.125558
   28.800501   48.123918
   28.798633   48.122579
   28.794121   48.121379
   28.770926   48.120344
   28.768953   48.120734
   28.767246   48.121496
   28.760843   48.125432
   28.752985   48.131239
   28.738409   48.129133
   28.726042   48.122577
   28.723659   48.121774
   28.721664   48.121607
   28.719682   48.121834
   28.708770   48.125018
   28.707755   48.125035
   28.705113   48.123523
   28.698589   48.121826
   28.688854   48.120158
   28.686215   48.120224
   28.683812   48.120950
   28.682005   48.122227
   28.674192   48.132600
   28.671207   48.141115
   28.648529   48.138820
   28.646549   48.138812
   28.644648   48.139183
   28.642085   48.140541
   28.640775   48.142536
   28.641642   48.148704
   28.637233   48.149653
   28.632628   48.148709
   28.628510   48.148984
   28.626237   48.149871
   28.624744   48.151141
   28.616638   48.154200
   28.615081   48.153283
   28.613260   48.152735
   28.610610   48.152589
   28.608677   48.152931
   28.606047   48.154266
   28.590844   48.166926
   28.582495   48.162612
   28.580588   48.162181
   28.577910   48.162212
   28.576026   48.162686
   28.574434   48.163506
   28.566455   48.170233
   28.562931   48.168901
   28.561461   48.167853
   28.559790   48.167221
   28.556067   48.166809
   28.553216   48.165916
   28.550742   48.165750
   28.549418   48.163377
   28.548289   48.162252
   28.543961   48.160321
   28.541420   48.158544
   28.540430   48.155699
   28.539287   48.154648
   28.536539   48.153122
   28.535669   48.151050
   28.533507   48.149502
   28.527602   48.147846
   28.522231   48.147873
   28.517325   48.147313
   28.526463   48.141081
   28.527697   48.139493
   28.527908   48.137711
   28.527062   48.136015
   28.525291   48.134668
   28.520961   48.133354
   28.516421   48.130823
   28.508843   48.127225
   28.506081   48.125513
   28.507013   48.121472
   28.506857   48.120192
   28.505825   48.118629
   28.503679   48.117306
   28.504685   48.115924
   28.504898   48.114180
   28.502837   48.110862
   28.502516   48.108314
   28.502974   48.103987
   28.502236   48.101681
   28.501129   48.100068
   28.501060   48.098961
   28.504034   48.091264
   28.504090   48.087886
   28.502115   48.083610
   28.498258   48.077373
   28.498433   48.076184
   28.499110   48.075363
   28.504506   48.073180
   28.506233   48.071790
   28.507602   48.069429
   28.507866   48.067798
   28.507565   48.066141
   28.505223   48.063349
   28.503068   48.062154
   28.500525   48.061334
   28.494911   48.060920
   28.487889   48.061768
   28.484249   48.063293
   28.479712   48.066129
   28.476813   48.067192
   28.463158   48.069378
   28.458130   48.070806
   28.453014   48.073243
   28.447488   48.076749
   28.443957   48.080481
   28.439859   48.087034
   28.438173   48.089065
   28.437554   48.089757
   28.435875   48.090476
   28.433821   48.091917
   28.430656   48.095945
   28.429525   48.098660
   28.428168   48.109425
   28.422924   48.112787
   28.416898   48.117794
   28.415598   48.119590
   28.414617   48.121851
   28.414483   48.125334
   28.417153   48.133141
   28.421700   48.137475
   28.431524   48.142965
   28.432949   48.144071
   28.431346   48.147605
   28.430917   48.150381
   28.429442   48.153380
   28.428626   48.163925
   28.427417   48.166169
   28.424043   48.168788
   28.415815   48.171638
   28.410687   48.172928
   28.401351   48.172197
   28.391943   48.172027
   28.387208   48.171156
   28.382462   48.166654
   28.377476   48.162656
   28.374953   48.158290
   28.375084   48.156537
   28.373402   48.152160
   28.370305   48.147827
   28.366439   48.141241
   28.361182   48.135982
   28.355546   48.132830
   28.351881   48.131514
   28.337840   48.128698
   28.326694   48.128129
   28.320539   48.128364
   28.314907   48.129746
   28.305574   48.133861
   28.301283   48.136690
   28.299758   48.138294
   28.298196   48.142469
   28.298348   48.144653
   28.300245   48.149611
   28.299010   48.155101
   28.298947   48.158612
   28.299576   48.160158
   28.301943   48.163274
   28.305317   48.166153
   28.311022   48.169038
   28.317131   48.171132
   28.322394   48.173681
   28.339641   48.179995
   28.344151   48.182326
   28.355068   48.192127
   28.355904   48.196804
   28.358336   48.201716
   28.361734   48.206948
   28.363380   48.214848
   28.363485   48.218797
   28.361797   48.226336
   28.357237   48.235205
   28.354822   48.239169
   28.350499   48.241994
   28.347738   48.242856
   28.346114   48.242741
   28.339668   48.239891
   28.336927   48.237815
   28.334845   48.234159
   28.332971   48.232384
   28.328309   48.229993
   28.323010   48.228602
   28.318584   48.228684
   28.315164   48.229357
   28.312063   48.230501
   28.308774   48.232473
   28.307106   48.234327
   28.305917   48.236766
   28.305412   48.237043
   28.298854   48.233728
   28.296075   48.231690
   28.288372   48.227547
   28.285333   48.226513
   28.279180   48.225303
   28.275544   48.224246
   28.257063   48.215330
   28.245264   48.211088
   28.235157   48.206061
   28.221650   48.201911
   28.215128   48.200718
   28.209084   48.200261
   28.206958   48.200326
   28.200505   48.201281
   28.188823   48.206330
   28.182952   48.210331
   28.179742   48.214552
   28.177554   48.225972
   28.175471   48.232555
   28.175193   48.239894
   28.176765   48.245455
   28.179902   48.250096
   28.177957   48.251788
   28.174907   48.252886
   28.156462   48.257320
   28.148191   48.258287
   28.147395   48.257551
   28.146573   48.251110
   28.145060   48.246545
   28.141734   48.243135
   28.132684   48.237404
   28.113826   48.228731
   28.110172   48.227338
   28.105959   48.226440
   28.102007   48.226365
   28.098228   48.226878
   28.090605   48.229398
   28.087284   48.230117
   28.080713   48.232622
   28.077068   48.235208
   28.075154   48.237561
   28.073944   48.240153
   28.072500   48.245912
   28.072940   48.250897
   28.074272   48.256768
   28.078179   48.266269
   28.081772   48.272995
   28.082108   48.277421
   28.085306   48.286618
   28.086513   48.293386
   28.085886   48.295043
   28.079440   48.305113
   28.075191   48.309363
   28.069790   48.313605
   28.066647   48.315502
   28.056468   48.318899
   28.040865   48.321517
   28.015077   48.321863
   27.994998   48.320437
   27.982644   48.320873
   27.971243   48.319916
   27.962002   48.320695
   27.951190   48.324150
   27.935277   48.333718
   27.911457   48.344768
   27.907675   48.347696
   27.900241   48.351479
   27.889315   48.358504
   27.885850   48.362105
   27.882480   48.364550
   27.876139   48.370822
   27.872281   48.378116
   27.871491   48.382260
   27.871459   48.387971
   27.872146   48.389962
   27.873773   48.392489
   27.869579   48.399739
   27.866905   48.402246
   27.865118   48.403257
   27.846389   48.409732
   27.843812   48.410393
   27.834692   48.410986
   27.824500   48.412875
   27.819139   48.414482
   27.815951   48.415774
   27.812992   48.417952
   27.809250   48.424589
   27.804306   48.429200
   27.792832   48.435159
   27.782359   48.442858
   27.778067   48.444311
   27.769458   48.446573
   27.763455   48.449262
   27.759070   48.452112
   27.747202   48.453515
   27.738474   48.452561
   27.732633   48.450976
   27.725115   48.449654
   27.712783   48.446480
   27.702192   48.443268
   27.688922   48.437558
   27.684489   48.436316
   27.676450   48.435459
   27.664341   48.435431
   27.656541   48.436266
   27.647814   48.436758
   27.640980   48.437643
   27.635337   48.439223
   27.624079   48.443273
   27.607061   48.450564
   27.589139   48.456337
   27.587552   48.457105
   27.585356   48.458911
   27.582516   48.464461
   27.582487   48.466757
   27.583307   48.468034
   27.587274   48.471664
   27.590036   48.475984
   27.590531   48.477551
   27.592733   48.481318
   27.595360   48.484462
   27.597417   48.486045
   27.595187   48.487009
   27.588475   48.487518
   27.584899   48.487074
   27.583052   48.486523
   27.574610   48.482657
   27.565284   48.479395
   27.556658   48.474162
   27.549046   48.470565
   27.534308   48.465219
   27.532190   48.462271
   27.530441   48.460971
   27.524385   48.458915
   27.507891   48.451399
   27.504819   48.450719
   27.502264   48.450761
   27.491833   48.453392
   27.477362   48.448604
   27.471797   48.445639
   27.468814   48.432746
   27.466302   48.427755
   27.456028   48.411643
   27.454784   48.410224
   27.453187   48.407072
   27.451056   48.405482
   27.448362   48.404652
   27.443406   48.404614
   27.440039   48.405029
   27.433553   48.406544
   27.431366   48.407410
   27.428562   48.406795
   27.424964   48.406869
   27.422190   48.407334
   27.417850   48.408737
   27.411013   48.406721
   27.406853   48.406155
   27.402647   48.406448
   27.397706   48.407941
   27.392254   48.406166
   27.389008   48.405445
   27.386989   48.405431
   27.384293   48.406091
   27.381505   48.406356
   27.378009   48.407891
   27.374761   48.410208
   27.372867   48.412025
   27.371893   48.413893
   27.370120   48.424644
   27.370635   48.427204
   27.369504   48.428997
   27.369501   48.430635
   27.368027   48.436839
   27.365002   48.437151
   27.359831   48.438791
   27.358363   48.437316
   27.356179   48.436334
   27.353597   48.435975
   27.350684   48.436139
   27.347806   48.436969
   27.345082   48.439059
   27.344022   48.439443
   27.341664   48.437413
   27.339934   48.436769
   27.337997   48.436482
   27.324562   48.438262
   27.321867   48.431694
   27.318793   48.428004
   27.320750   48.423715
   27.320588   48.421496
   27.319310   48.419927
   27.303872   48.407799
   27.293220   48.370345
   27.292313   48.369134
   27.290908   48.368154
   27.287298   48.367094
   27.284586   48.367167
   27.281104   48.368158
   27.263869   48.375039
   27.251614   48.371091
   27.242599   48.370425
   27.237823   48.368701
   27.235808   48.368468
   27.233779   48.368642
   27.231919   48.369207
   27.230396   48.370113
   27.210981   48.385732
   27.208248   48.385184
   27.199147   48.384616
   27.197251   48.385025
   27.194504   48.386139
   27.190798   48.388543
   27.173175   48.377652
   27.171257   48.376817
   27.163203   48.374505
   27.159797   48.374368
   27.152772   48.372291
   27.146812   48.371694
   27.142060   48.370287
   27.138737   48.369972
   27.136276   48.370382
   27.120712   48.375179
   27.117964   48.376839
   27.098386   48.396846
   27.094106   48.400024
   27.081778   48.410395
   27.080415   48.413142
   27.078662   48.429170
   27.075431   48.428708
   27.073890   48.427410
   27.071747   48.426486
   27.071202   48.422127
   27.070344   48.420115
   27.068370   48.418429
   27.064762   48.417114
   27.061937   48.416803
   27.058501   48.417146
   27.053906   48.418727
   27.050785   48.420354
   27.048003   48.420003
   27.045519   48.420282
   27.041714   48.419225
   27.035822   48.419029
   27.044866   48.414044
   27.046267   48.412693
   27.046870   48.411338
   27.046878   48.410082
   27.045557   48.407868
   27.049710   48.405509
   27.051109   48.404120
   27.051604   48.402907
   27.051943   48.396506
   27.052684   48.392694
   27.055707   48.390048
   27.056636   48.388461
   27.056615   48.386760
   27.053321   48.375354
   27.051459   48.371725
   27.050075   48.370740
   27.047671   48.369926
   27.045657   48.369760
   27.043658   48.369994
   27.037543   48.372232
   27.034830   48.373732
   27.030663   48.375393
   27.026076   48.378244
   27.024058   48.377503
   27.021396   48.377090
   27.015375   48.377466
   27.007772   48.376164
   27.007623   48.371466
   27.008881   48.364308
   27.008432   48.362591
   27.006561   48.360809
   27.003590   48.359802
   26.999839   48.356079
   26.997514   48.355177
   26.995522   48.354935
   26.993510   48.355091
   26.971225   48.359108
   26.946409   48.364375
   26.940245   48.365216
   26.940285   48.363545
   26.939665   48.362294
   26.938527   48.361214
   26.935510   48.359546
   26.933689   48.358987
   26.931701   48.358803
   26.929718   48.359010
   26.927912   48.359592
   26.890262   48.380093
   26.888881   48.381121
   26.887798   48.383284
   26.888551   48.387567
   26.891661   48.395885
   26.892575   48.397268
   26.886242   48.403099
   26.883909   48.407231
   26.876904   48.412348
   26.872538   48.414330
   26.870815   48.413476
   26.865990   48.412125
   26.854015   48.408979
   26.851569   48.408661
   26.826560   48.411500
   26.788353   48.414722
   26.779766   48.414168
   26.773571   48.404361
   26.770870   48.403019
   26.767635   48.402696
   26.763898   48.399518
   26.758597   48.395814
   26.756962   48.394977
   26.755024   48.394503
   26.752961   48.394436
   26.750962   48.394781
   26.741921   48.398093
   26.733616   48.401675
   26.724024   48.406553
   26.718635   48.404558
   26.744795   48.382722
   26.755736   48.371916
   26.758876   48.368353
   26.763693   48.365489
   26.766136   48.363501
   26.767207   48.362256
   26.769307   48.358026
   26.778243   48.355996
   26.783753   48.353933
   26.793612   48.349238
   26.803940   48.355390
   26.807108   48.356182
   26.809816   48.356019
   26.811664   48.355438
   26.827931   48.348175
   26.829829   48.346900
   26.830832   48.345235
   26.832672   48.338546
   26.833829   48.324827
   26.833105   48.322674
   26.831949   48.321585
   26.830436   48.320797
   26.831081   48.319658
   26.834343   48.318897
   26.836527   48.317287
   26.837772   48.314785
   26.837778   48.312402
   26.837222   48.311127
   26.835666   48.309696
   26.833403   48.308768
   26.830920   48.308487
   26.832436   48.304816
   26.832184   48.302595
   26.830837   48.301045
   26.827436   48.298830
   26.822516   48.292275
   26.820563   48.291244
   26.815822   48.289654
   26.797971   48.286956
   26.794783   48.286679
   26.792723   48.286846
   26.787231   48.289034
   26.779420   48.293634
   26.764197   48.298219
   26.761984   48.299253
   26.760552   48.300776
   26.754837   48.311524
   26.754477   48.312876
   26.754657   48.316058
   26.748666   48.311900
   26.739833   48.308876
   26.736675   48.308394
   26.734743   48.308598
   26.732978   48.309157
   26.731525   48.310026
   26.730503   48.311132
   26.728543   48.315202
   26.728385   48.317027
   26.726793   48.318913
   26.703643   48.342762
   26.700141   48.345004
   26.696858   48.347803
   26.691584   48.353770
   26.691168   48.353611
   26.696556   48.345725
   26.702591   48.328215
   26.702750   48.326928
   26.702354   48.325664
   26.701025   48.324191
   26.698367   48.322980
   26.682552   48.321068
   26.682519   48.316375
   26.681119   48.314325
   26.679610   48.313406
   26.656294   48.302996
   26.657010   48.300683
   26.656027   48.296649
   26.654819   48.294922
   26.647388   48.287496
   26.625378   48.273420
   26.636647   48.261150
   26.637038   48.259410
   26.636480   48.256936
   26.637559   48.253909
   26.637765   48.252081
   26.637574   48.250682
   26.636786   48.249181
   26.636715   48.247160
   26.636076   48.246001
   26.633489   48.243710
   26.629918   48.242402
   26.629639   48.240732
   26.628591   48.239044
   26.626233   48.237336
   26.624023   48.236580
   26.615973   48.235600
   26.610712   48.236256
   26.606578   48.234136
   26.603081   48.233429
   26.599949   48.233343
   26.597455   48.233752
   26.591932   48.235538
   26.588673   48.237574
   26.586561   48.239967
   26.583944   48.239198
   26.580752   48.238912
   26.579816   48.238375
   26.579107   48.235441
   26.577732   48.232677
   26.576300   48.230950
   26.578041   48.228780
   26.579415   48.225997
   26.579825   48.223219
   26.579135   48.218901
   26.576983   48.216315
   26.574291   48.215144
   26.570281   48.214923
   26.568098   48.215222
   26.565436   48.216103
   26.562090   48.216245
   26.557849   48.217109
   26.556888   48.214895
   26.554183   48.212869
   26.547880   48.210659
   26.545708   48.210474
   26.542045   48.210655
   26.539261   48.207725
   26.534769   48.205773
   26.531260   48.205355
   26.528004   48.205468
   26.526005   48.205892
   26.524326   48.206653
   26.520154   48.205391
   26.515858   48.205452
   26.514100   48.205996
   26.501900   48.211981
   26.495310   48.213397
   26.491519   48.211205
   26.487105   48.210317
   26.484472   48.209277
   26.482448   48.208967
   26.479128   48.209029
   26.477134   48.209413
   26.475407   48.210177
   26.472610   48.212322
   26.469426   48.211513
   26.469631   48.210147
   26.469138   48.208336
   26.466403   48.205304
   26.462899   48.203484
   26.460305   48.202590
   26.457708   48.201074
   26.452071   48.199596
   26.448684   48.199246
   26.441895   48.199732
   26.438295   48.196584
   26.434636   48.195383
   26.431952   48.195327
   26.426060   48.196430
   26.417202   48.190795
   26.408748   48.185874
   26.407007   48.185222
   26.402947   48.184690
   26.399571   48.185301
   26.391530   48.182975
   26.386771   48.182155
   26.382578   48.182131
   26.377942   48.183065
   26.374496   48.184874
   26.372854   48.186513
   26.371003   48.184632
   26.368707   48.183092
   26.363475   48.180938
   26.358546   48.180307
   26.354738   48.180838
   26.350556   48.178682
   26.346213   48.178036
   26.335567   48.178708
   26.334870   48.176389
   26.340114   48.167717
   26.341544   48.162596
   26.341533   48.160948
   26.340264   48.157458
   26.332904   48.149816
   26.321040   48.145297
   26.315674   48.141084
   26.307991   48.134155
   26.303920   48.131201
   26.293800   48.116770
   26.291714   48.112378
   26.291287   48.106411
   26.289174   48.099815
   26.284213   48.093558
   26.282004   48.086518
   26.280778   48.084727
   26.280518   48.082700
   26.278691   48.079901
   26.274375   48.076676
   26.272100   48.073873
   26.270609   48.072944
   26.258890   48.068339
   26.236059   48.057805
   26.218706   48.049108
   26.216693   48.040798
   26.215814   48.032867
   26.214769   48.028293
   26.205437   48.006172
   26.199459   47.999309
   26.193968   47.994751
   26.187677   47.990707
   26.173079   47.986540
   26.162175   47.984191
   26.145704   47.981709
   26.138450   47.979757
   26.136397   47.979689
   26.134407   47.980029
   26.128432   47.982657
   26.120754   47.978151
   26.101883   47.973773
   26.098406   47.974065
   26.070458   47.981586
   26.060943   47.983361
   25.981249   47.971403
   25.952675   47.966412
   25.950130   47.966609
   25.941315   47.969082
   25.937251   47.971610
   25.930296   47.972371
   25.919524   47.972900
   25.916271   47.967613
   25.914370   47.963350
   25.912170   47.961325
   25.909904   47.960464
   25.892971   47.956733
   25.890385   47.956826
   25.877684   47.958962
   25.866374   47.963570
   25.860125   47.965662
   25.851731   47.964712
   25.839954   47.962850
   25.831353   47.960304
   25.826326   47.953773
   25.823781   47.951168
   25.822337   47.950260
   25.809899   47.945738
   25.804041   47.943236
   25.794423   47.940123
   25.775769   47.934956
   25.737111   47.937209
   25.734171   47.938123
   25.731051   47.940451
   25.726495   47.939516
   25.724424   47.939435
   25.723242   47.938121
   25.721690   47.937190
   25.719786   47.936615
   25.716695   47.936321
   25.706620   47.937039
   25.701462   47.939382
   25.696720   47.940695
   25.692687   47.939608
   25.690679   47.939537
   25.688748   47.939853
   25.686323   47.939421
   25.684370   47.939427
   25.678030   47.940478
   25.676123   47.941182
   25.667865   47.941953
   25.666102   47.942486
   25.664540   47.943369
   25.661867   47.943947
   25.657344   47.943879
   25.655048   47.944205
   25.649703   47.943931
   25.643724   47.944888
   25.627146   47.944308
   25.593549   47.933994
   25.543351   47.930903
   25.536216   47.930907
   25.534032   47.930482
   25.507045   47.928746
   25.496247   47.927753
   25.443778   47.921712
   25.348860   47.911444
   25.341523   47.909626
   25.332914   47.909188
   25.330836   47.909394
   25.326925   47.909020
   25.313375   47.909648
   25.274008   47.888768
   25.272139   47.888071
   25.266656   47.887792
   25.263507   47.888705
   25.260157   47.887563
   25.256756   47.887397
   25.251754   47.888709
   25.249606   47.889967
   25.246756   47.889253
   25.243993   47.889184
   25.241450   47.889809
   25.239039   47.891008
   25.234927   47.889516
   25.231508   47.881992
   25.229255   47.879557
   25.229790   47.876405
   25.231070   47.874270
   25.231360   47.873001
   25.230805   47.870935
   25.229284   47.868776
   25.228830   47.858652
   25.228232   47.856962
   25.227172   47.855862
   25.224969   47.854647
   25.212067   47.850457
   25.210993   47.848562
   25.209181   47.847094
   25.207295   47.846168
   25.208636   47.844738
   25.209158   47.843507
   25.208840   47.841436
   25.209271   47.840182
   25.209178   47.838579
   25.207790   47.836659
   25.205311   47.835399
   25.203727   47.831825
   25.201136   47.830092
   25.196971   47.829039
   25.194337   47.826489
   25.190330   47.824728
   25.188079   47.824287
   25.186933   47.823240
   25.187638   47.821035
   25.187500   47.819777
   25.185568   47.815180
   25.184250   47.813618
   25.183645   47.812126
   25.182110   47.810729
   25.175948   47.807234
   25.176876   47.805547
   25.177836   47.799115
   25.177746   47.795775
   25.176858   47.794025
   25.171736   47.788256
   25.169456   47.786837
   25.166343   47.785888
   25.160243   47.784845
   25.154099   47.784603
   25.151819   47.784729
   25.149729   47.785204
   25.145710   47.782094
   25.140079   47.779551
   25.138464   47.777607
   25.135002   47.775652
   25.130446   47.771371
   25.123371   47.766361
   25.122802   47.763310
   25.123295   47.761820
   25.123081   47.756190
   25.121702   47.752839
   25.119460   47.751111
   25.114048   47.749783
   25.106893   47.748783
   25.102050   47.745776
   25.099854   47.744948
   25.097989   47.744709
   25.092464   47.744752
   25.089726   47.742630
   25.085268   47.740960
   25.082758   47.740606
   25.078448   47.740799
   25.067096   47.736229
   25.065048   47.735957
   25.061169   47.736179
   25.059254   47.736743
   25.056887   47.738156
   25.055747   47.736635
   25.052030   47.733259
   25.050754   47.730708
   25.049007   47.729208
   25.048365   47.727550
   25.048219   47.725566
   25.046434   47.723229
   25.044210   47.721725
   25.041009   47.720896
   25.037864   47.720994
   25.028678   47.723022
   25.025098   47.724254
   25.022754   47.726086
   25.020501   47.725914
   25.015143   47.726484
   25.009262   47.728717
   25.008235   47.727858
   25.007849   47.725187
   25.006407   47.723669
   25.004798   47.722843
   25.002157   47.722193
   24.999564   47.721056
   24.997191   47.720640
   24.993987   47.720575
   24.990074   47.721426
   24.988378   47.722190
   24.985458   47.724350
   24.981994   47.724955
   24.947597   47.724703
   24.902290   47.720286
   24.882708   47.719854
   24.880765   47.720130
   24.879025   47.720765
   24.877271   47.722073
   24.876523   47.723293
   24.876404   47.725043
   24.879056   47.732613
   24.877058   47.734534
   24.874576   47.737982
   24.873492   47.743043
   24.873537   47.744686
   24.871606   47.746542
   24.870777   47.748146
   24.871085   47.750854
   24.850055   47.762833
   24.848512   47.765116
   24.848479   47.768468
   24.846542   47.769812
   24.845467   47.771688
   24.832933   47.775733
   24.831297   47.776573
   24.830116   47.777699
   24.828931   47.782059
   24.830619   47.786926
   24.830219   47.791331
   24.829217   47.793589
   24.827907   47.794803
   24.821388   47.799059
   24.815945   47.803608
   24.814963   47.805216
   24.814965   47.806950
   24.816762   47.811015
   24.816339   47.813611
   24.818765   47.817279
   24.808722   47.818562
   24.804827   47.817934
   24.799982   47.818418
   24.798140   47.818821
   24.795085   47.820056
   24.793638   47.820247
   24.790347   47.820300
   24.784715   47.818924
   24.782731   47.818973
   24.780853   47.819399
   24.779239   47.820165
   24.777729   47.821601
   24.772080   47.830175
   24.771628   47.832999
   24.767784   47.833390
   24.765007   47.834381
   24.763702   47.833909
   24.758815   47.827606
   24.757637   47.826556
   24.755460   47.825585
   24.752232   47.825246
   24.750311   47.825545
   24.748599   47.826196
   24.741902   47.831218
   24.736079   47.833705
   24.734578   47.835069
   24.733079   47.837808
   24.730001   47.836658
   24.725848   47.836578
   24.723645   47.835273
   24.720428   47.834649
   24.714287   47.835532
   24.704813   47.835499
   24.701680   47.836482
   24.699222   47.838692
   24.697528   47.841999
   24.697615   47.849155
   24.690112   47.851661
   24.685882   47.851825
   24.683280   47.852470
   24.678514   47.854948
   24.675498   47.857767
   24.671093   47.858975
   24.668238   47.860114
   24.664698   47.863342
   24.663240   47.867819
   24.660939   47.870220
   24.660654   47.872562
   24.659166   47.874551
   24.658942   47.876674
   24.661403   47.881557
   24.660407   47.884917
   24.660722   47.886865
   24.664618   47.891370
   24.666581   47.894748
   24.664168   47.896473
   24.662250   47.898605
   24.661527   47.900240
   24.658532   47.902336
   24.656334   47.904638
   24.649246   47.906746
   24.646867   47.908263
   24.645841   47.910343
   24.645990   47.911661
   24.646891   47.913567
   24.645866   47.916072
   24.632035   47.920458
   24.630435   47.921192
   24.629212   47.922196
   24.628466   47.923388
   24.628259   47.924671
   24.629408   47.927286
   24.629418   47.928533
   24.627809   47.929932
   24.624423   47.931573
   24.623050   47.933640
   24.623157   47.935452
   24.624813   47.938699
   24.623847   47.940257
   24.623343   47.943620
   24.622377   47.945751
   24.620879   47.946867
   24.615455   47.946237
   24.612078   47.946633
   24.608345   47.943946
   24.606611   47.942107
   24.604992   47.941282
   24.603077   47.940812
   24.600363   47.940805
   24.593711   47.942232
   24.590477   47.944236
   24.589303   47.945821
   24.589254   47.948019
   24.590708   47.949918
   24.589214   47.952514
   24.578699   47.957965
   24.576321   47.961596
   24.575899   47.963035
   24.573295   47.963232
   24.568877   47.964375
   24.565768   47.964144
   24.564645   47.963382
   24.563083   47.961777
   24.562549   47.959787
   24.561647   47.958620
   24.557247   47.955265
   24.555053   47.954339
   24.552494   47.954025
   24.548931   47.954272
   24.546572   47.954908
   24.544660   47.956145
   24.537446   47.957079
   24.531648   47.956107
   24.528205   47.956363
   24.516152   47.948797
   24.513898   47.948159
   24.507308   47.947329
   24.499109   47.948203
   24.492397   47.951249
   24.486974   47.951370
   24.484933   47.951670
   24.482603   47.952675
   24.480449   47.954381
   24.475225   47.956760
   24.472875   47.957109
   24.471005   47.957899
   24.463843   47.957438
   24.457223   47.958526
   24.448129   47.958994
   24.443737   47.960226
   24.434967   47.965112
   24.432794   47.964193
   24.428344   47.961448
   24.423686   47.957585
   24.422043   47.956626
   24.417102   47.955190
   24.411940   47.955529
   24.410363   47.955096
   24.404514   47.951798
   24.402091   47.951289
   24.400043   47.951330
   24.399181   47.950971
   24.399210   47.947727
   24.397435   47.944677
   24.394205   47.941892
   24.392150   47.938692
   24.389574   47.937135
   24.388675   47.935020
   24.387474   47.933542
   24.388502   47.926380
   24.387910   47.924660
   24.386370   47.923220
   24.384729   47.922459
   24.361734   47.915011
   24.359052   47.913660
   24.352427   47.911226
   24.346355   47.910037
   24.342576   47.910331
   24.338588   47.911752
   24.336370   47.913177
   24.333808   47.913223
   24.330440   47.914156
   24.326896   47.916994
   24.322952   47.919103
   24.321245   47.918572
   24.319092   47.918379
   24.312501   47.914244
   24.308719   47.913273
   24.303289   47.908539
   24.301271   47.907408
   24.298756   47.906870
   24.295812   47.906810
   24.291683   47.905826
   24.288718   47.904289
   24.280986   47.901954
   24.272778   47.901533
   24.264355   47.902767
   24.260654   47.902614
   24.257525   47.902019
   24.242374   47.895948
   24.229779   47.893066
   24.224577   47.892904
   24.221406   47.892372
   24.216242   47.893296
   24.213496   47.894529
   24.211952   47.896476
   24.211599   47.899965
   24.208154   47.903158
   24.202451   47.906339
   24.200077   47.906697
   24.197873   47.907623
   24.193469   47.911559
   24.180478   47.910310
   24.175592   47.911568
   24.173569   47.912714
   24.168771   47.913859
   24.166328   47.911769
   24.163555   47.910618
   24.160574   47.910311
   24.158551   47.910482
   24.153650   47.912431
   24.152712   47.912549
   24.150637   47.911384
   24.148822   47.909472
   24.146589   47.908415
   24.143400   47.907751
   24.138920   47.907556
   24.137078   47.907653
   24.134856   47.908220
   24.129579   47.911008
   24.127556   47.910913
   24.123506   47.911311
   24.119671   47.910478
   24.113092   47.910118
   24.109661   47.910670
   24.106651   47.912164
   24.102479   47.915520
   24.101756   47.917463
   24.094009   47.926636
   24.092476   47.930114
   24.092299   47.933265
   24.087436   47.935151
   24.084909   47.936724
   24.076350   47.940772
   24.071393   47.942633
   24.066504   47.943861
   24.062659   47.946122
   24.060150   47.949133
   24.056230   47.948046
   24.053545   47.947983
   24.050495   47.948566
   24.044745   47.947547
   24.043436   47.947254
   24.038774   47.945171
   24.035129   47.944494
   24.031570   47.944587
   24.029103   47.945091
   24.026457   47.946328
   24.025024   47.947567
   24.022428   47.952101
   24.019693   47.954617
   24.017509   47.956225
   24.007121   47.962438
   24.002423   47.958993
   23.998960   47.957559
   23.994417   47.956895
   23.990974   47.957106
   23.986962   47.956908
   23.980803   47.955549
   23.977648   47.955772
   23.975108   47.956588
   23.973335   47.957923
   23.972153   47.959637
   23.969935   47.958546
   23.966287   47.957772
   23.962752   47.957857
   23.958555   47.958684
   23.955680   47.958837
   23.955451   47.955986
   23.954043   47.952920
   23.951844   47.949912
   23.949451   47.947790
   23.942624   47.943493
   23.940617   47.943043
   23.937591   47.942896
   23.932424   47.944031
   23.922056   47.941249
   23.917116   47.941196
   23.911197   47.942075
   23.901025   47.940980
   23.896731   47.939165
   23.893471   47.938403
   23.890846   47.938139
   23.887729   47.938227
   23.884322   47.938951
   23.882345   47.936831
   23.877471   47.932750
   23.873543   47.930502
   23.870768   47.928389
   23.869062   47.927783
   23.865801   47.927219
   23.862610   47.927382
   23.857649   47.928802
   23.854564   47.930176
   23.850092   47.932859
   23.848373   47.935110
   23.845435   47.935639
   23.843733   47.936324
   23.839338   47.939809
   23.838009   47.941557
   23.833742   47.949432
   23.833762   47.951798
   23.834867   47.954478
   23.834229   47.957603
   23.830917   47.958569
   23.828341   47.960359
   23.827373   47.962089
   23.827413   47.964690
   23.823418   47.968000
   23.820608   47.971742
   23.818102   47.973075
   23.815590   47.975299
   23.814419   47.977279
   23.814350   47.978830
   23.808758   47.979534
   23.797307   47.982084
   23.792586   47.981625
   23.787317   47.982129
   23.782348   47.984376
   23.776217   47.988990
   23.773885   47.989731
   23.767672   47.990834
   23.767118   47.990798
   23.762050   47.988138
   23.758013   47.987281
   23.754950   47.987617
   23.752535   47.988601
   23.750185   47.990727
   23.748983   47.992428
   23.744281   47.991255
   23.739630   47.990601
   23.735895   47.988824
   23.732122   47.987958
   23.726767   47.988283
   23.721317   47.989955
   23.718695   47.987797
   23.714965   47.986531
   23.711548   47.986547
   23.708273   47.987373
   23.706596   47.988177
   23.695399   47.985292
   23.688695   47.982998
   23.681233   47.981973
   23.674996   47.981774
   23.672558   47.980319
   23.669620   47.979411
   23.664944   47.979016
   23.660985   47.979867
   23.658995   47.980663
   23.657297   47.981754
   23.655534   47.983905
   23.648871   47.986131
   23.643214   47.987436
   23.641032   47.988467
   23.638660   47.990913
   23.637279   47.996032
   23.636464   47.997729
   23.635632   47.998094
   23.631322   47.997510
   23.626653   47.997790
   23.622687   47.999160
   23.619063   47.998678
   23.616160   47.998860
   23.612208   48.000453
   23.610440   48.002075
   23.609820   48.003326
   23.603281   48.001714
   23.601124   48.001483
   23.597398   48.001830
   23.593610   48.003342
   23.590544   48.000576
   23.587130   47.999246
   23.584527   47.999121
   23.577179   48.000114
   23.569623   47.998379
   23.566059   47.998380
   23.559899   48.000207
   23.551517   48.004812
   23.548011   48.005484
   23.542236   48.005586
   23.538206   48.006214
   23.535910   48.007099
   23.532233   48.009639
   23.529813   48.000701
   23.528889   47.999117
   23.528096   47.995066
   23.525415   47.991502
   23.519897   47.987301
   23.516015   47.981444
   23.509520   47.975218
   23.509447   47.974537
   23.510706   47.972860
   23.511038   47.971587
   23.510814   47.970304
   23.510053   47.969116
   23.506191   47.965678
   23.504151   47.964655
   23.494807   47.963370
   23.492682   47.963343
   23.485514   47.965243
   23.483938   47.966094
   23.482654   47.967468
   23.478457   47.968846
   23.476071   47.968793
   23.473623   47.969341
   23.471152   47.969239
   23.467778   47.969681
   23.460296   47.969372
   23.452746   47.971848
   23.448562   47.972145
   23.446636   47.972611
   23.444555   47.973777
   23.441144   47.977478
   23.434082   47.978795
   23.431349   47.980081
   23.429869   47.982075
   23.429946   47.984456
   23.426024   47.984233
   23.418852   47.982224
   23.416904   47.982137
   23.414400   47.982593
   23.409090   47.985249
   23.406393   47.985850
   23.403575   47.987398
   23.400178   47.988611
   23.395406   47.993205
   23.394836   47.994865
   23.395101   47.996263
   23.391796   47.996748
   23.385997   47.999698
   23.378786   47.998661
   23.373434   47.999349
   23.370658   48.000864
   23.369125   48.002411
   23.368664   48.003770
   23.368778   48.006493
   23.347260   48.015351
   23.343603   48.013984
   23.340297   48.013888
   23.338418   48.014340
   23.333418   48.016550
   23.331428   48.016711
   23.329541   48.017274
   23.323543   48.021092
   23.322107   48.023054
   23.321983   48.024369
   23.322591   48.026686
   23.325443   48.032529
   23.323175   48.032925
   23.321087   48.033920
   23.317023   48.037989
   23.310946   48.039554
   23.307618   48.038877
   23.303200   48.038857
   23.293849   48.039968
   23.284333   48.042963
   23.282402   48.044177
   23.280934   48.046405
   23.278654   48.047708
   23.277265   48.049766
   23.275255   48.051444
   23.273348   48.053749
   23.270797   48.055507
   23.270137   48.056710
   23.269757   48.059242
   23.270242   48.061477
   23.271275   48.062866
   23.275741   48.066367
   23.276886   48.069311
   23.279616   48.072779
   23.281049   48.073835
   23.275784   48.078282
   23.267084   48.080483
   23.265710   48.081335
   23.263337   48.083698
   23.262660   48.084967
   23.262214   48.087966
   23.262415   48.091529
   23.261745   48.095777
   23.257212   48.096211
   23.254888   48.092303
   23.251645   48.088891
   23.249625   48.087730
   23.246418   48.087141
   23.243785   48.087446
   23.241009   48.088644
   23.237640   48.087408
   23.234417   48.087297
   23.228560   48.088538
   23.221990   48.088795
   23.217857   48.089712
   23.213299   48.089992
   23.207552   48.091073
   23.204891   48.091006
   23.200066   48.091952
   23.196652   48.091989
   23.193849   48.092983
   23.187751   48.093337
   23.185305   48.094159
   23.183903   48.095163
   23.183018   48.096398
   23.182743   48.097902
   23.180711   48.099309
   23.178838   48.101860
   23.178486   48.104058
   23.179060   48.105338
   23.180429   48.106622
   23.180147   48.107692
   23.177906   48.108459
   23.176135   48.109684
   23.175170   48.111256
   23.174783   48.113781
   23.171733   48.113332
   23.170357   48.112045
   23.168071   48.111064
   23.160559   48.109670
   23.158509   48.108795
   23.156707   48.108493
   23.152692   48.097833
   23.151129   48.096409
   23.146129   48.093976
   23.144867   48.092094
   23.143525   48.091086
   23.141795   48.090384
   23.139831   48.090051
   23.136069   48.090226
   23.134052   48.090724
   23.132454   48.089237
   23.130799   48.088312
   23.124879   48.086867
   23.128603   48.084975
   23.130195   48.083083
   23.130388   48.081349
   23.129441   48.079428
   23.130159   48.077816
   23.129895   48.076055
   23.129034   48.074852
   23.127682   48.073868
   23.124101   48.072041
   23.122238   48.071533
   23.119428   48.067018
   23.118100   48.066013
   23.116543   48.065360
   23.118460   48.063813
   23.119156   48.062145
   23.118856   48.060426
   23.117033   48.058122
   23.118914   48.055355
   23.118819   48.053182
   23.115760   48.049301
   23.107866   48.044335
   23.113587   48.041904
   23.115206   48.040601
   23.116330   48.038020
   23.115715   48.034231
   23.110859   48.027650
   23.108254   48.025845
   23.106879   48.023455
   23.100473   48.019578
   23.102235   48.018572
   23.103262   48.017430
   23.103745   48.016140
   23.103640   48.014812
   23.102959   48.013562
   23.100585   48.011295
   23.098751   48.008658
   23.098285   48.006179
   23.096568   48.003619
   23.095338   48.002573
   23.091816   48.001268
   23.083334   48.000320
   23.081440   48.000532
   23.079013   48.001314
   23.073876   48.003959
   23.068453   48.003481
   23.059263   47.999141
   23.035053   47.996260
   23.033980   47.994823
   23.031518   47.992744
   23.029971   47.989478
   23.028161   47.988153
   23.025717   47.987398
   23.022555   47.987228
   23.020603   47.986417
   23.018688   47.986023
   23.012749   47.986059
   23.010862   47.986393
   23.008712   47.987361
   23.007258   47.988560
   23.005819   47.990629
   23.004116   47.991156
   22.995285   47.991552
   22.992885   47.992239
   22.991440   47.993122
   22.990213   47.994653
   22.990118   47.997661
   22.989677   47.998879
   22.983829   47.999874
   22.982116   48.000619
   22.980822   48.001646
   22.973628   48.002972
   22.971593   48.004194
   22.970272   48.006176
   22.968287   48.006391
   22.965912   48.004357
   22.963562   48.003417
   22.961265   48.003117
   22.959218   48.003274
   22.956774   48.004095
   22.950104   48.007608
   22.947967   48.007774
   22.946102   48.008333
   22.939552   48.011875
   22.938228   48.012920
   22.930535   48.014036
   22.928693   48.012806
   22.928842   48.009527
   22.927735   48.007257
   22.929110   48.005320
   22.931417   48.003883
   22.936747   48.003478
   22.939672   48.002450
   22.940946   48.001428
   22.943961   47.997257
   22.946973   47.988887
   22.946891   47.983592
   22.950087   47.975953
   22.949711   47.972956
   22.949941   47.972419
   22.951974   47.971272
   22.954058   47.968985
   22.954501   47.967660
   22.954138   47.965871
   22.952265   47.963998
   22.948411   47.962549
   22.946163   47.960604
   22.943818   47.959806
   22.940320   47.959364
   22.933740   47.955685
   22.931933   47.954971
   22.927653   47.954424
   22.925477   47.954541
   22.922549   47.953001
   22.919431   47.952313
   22.917478   47.952356
   22.915550   47.952789
   22.910449   47.952620
   22.908470   47.952845
   22.907384   47.952594
   22.906120   47.951455
   22.904628   47.950690
   22.899466   47.949666
   22.897289   47.949549
   22.893190   47.949958
   22.890605   47.950910
   22.888836   47.952332
   22.885607   47.954046
   22.884254   47.956049
   22.884125   47.958804
   22.883510   47.959572
   22.880256   47.959004
   22.877073   47.959271
   22.874881   47.960168
   22.873152   47.961528
   22.870866   47.962016
   22.868757   47.962985
   22.865069   47.966803
   22.864465   47.968351
   22.864522   47.969577
   22.861375   47.969235
   22.858298   47.969873
   22.856375   47.971020
   22.855148   47.972666
   22.853464   47.973655
   22.852210   47.975124
   22.847684   47.977287
   22.846037   47.977762
   22.843961   47.976856
   22.841274   47.976490
   22.838526   47.976743
   22.836149   47.977607
   22.834468   47.979017
   22.833357   47.981395
   22.833500   47.982717
   22.834746   47.985213
   22.830970   47.987491
   22.829735   47.989093
   22.829509   47.991368
   22.830461   47.993140
   22.832767   47.994945
   22.836876   47.999190
   22.838700   48.000480
   22.841959   48.005133
   22.843915   48.006357
   22.846380   48.006977
   22.853422   48.012521
   22.855662   48.013608
   22.858423   48.014457
   22.858301   48.021026
   22.859113   48.023557
   22.860015   48.024626
   22.861806   48.025848
   22.864780   48.026704
   22.866250   48.027483
   22.867093   48.028836
   22.868772   48.030199
   22.871720   48.034893
   22.873770   48.037408
   22.874792   48.047214
   22.869377   48.046863
   22.866281   48.047441
   22.862241   48.049728
   22.855250   48.055209
   22.854474   48.056434
   22.854173   48.058131
   22.854580   48.060800
   22.855173   48.062023
   22.853429   48.063822
   22.852943   48.066175
   22.851952   48.067823
   22.852069   48.070045
   22.852902   48.071427
   22.852782   48.072376
   22.851369   48.074645
   22.848867   48.075258
   22.846358   48.076674
   22.841570   48.074944
   22.837326   48.075070
   22.833158   48.076319
   22.830382   48.078314
   22.829454   48.080487
   22.829565   48.084037
   22.828398   48.085306
   22.827077   48.087767
   22.826777   48.089870
   22.824122   48.091777
   22.821889   48.094182
   22.821173   48.095712
   22.821238   48.102155
   22.822379   48.104283
   22.824970   48.107580
   22.824064   48.109831
   22.822032   48.112444
   22.819821   48.114007
   22.819270   48.114008
   22.817446   48.111263
   22.816895   48.107086
   22.815039   48.104587
   22.812712   48.103196
   22.810094   48.102258
   22.807644   48.101748
   22.805103   48.101651
   22.800187   48.102589
   22.798162   48.103486
   22.796187   48.104958
   22.794739   48.107887
   22.794694   48.110796
   22.795302   48.112914
   22.792560   48.112245
   22.790160   48.112106
   22.786740   48.112492
   22.784472   48.113157
   22.784564   48.111386
   22.783805   48.109575
   22.780695   48.107109
   22.774381   48.104869
   22.770952   48.104402
   22.768235   48.104406
   22.766423   48.104588
   22.761596   48.105845
   22.758396   48.107451
   22.753919   48.111881
   22.753091   48.113446
   22.752656   48.115516
   22.748963   48.113954
   22.745038   48.113066
   22.740246   48.113454
   22.737503   48.114294
   22.736678   48.113204
   22.734718   48.111685
   22.731778   48.110512
   22.727918   48.109987
   22.723347   48.110628
   22.720404   48.108421
   22.717697   48.107124
   22.714818   48.106357
   22.709184   48.105886
   22.707266   48.103596
   22.704150   48.101445
   22.697325   48.098011
   22.690004   48.095019
   22.687162   48.093154
   22.684167   48.090533
   22.681830   48.089123
   22.677497   48.087666
   22.673231   48.087278
   22.666719   48.087441
   22.663215   48.088048
   22.659079   48.089330
   22.655658   48.091062
   22.650474   48.090435
   22.643017   48.091246
   22.636556   48.091211
   22.632344   48.091742
   22.630618   48.092275
   22.626769   48.094328
   22.620421   48.099441
   22.616927   48.099887
   22.615206   48.099485
   22.610224   48.099113
   22.601955   48.099585
   22.597456   48.100954
   22.594078   48.103295
   22.589457   48.103123
   22.586392   48.103917
   22.584956   48.104828
   22.583976   48.105974
   22.583562   48.108138
   22.585945   48.115109
   22.587359   48.116510
   22.589580   48.117776
   22.586497   48.121303
   22.585708   48.123262
   22.585305   48.128105
   22.585726   48.129318
   22.585603   48.130989
   22.586747   48.134283
   22.584075   48.136016
   22.582629   48.137493
   22.581750   48.139537
   22.581417   48.141875
   22.581697   48.143163
   22.582520   48.144345
   22.586526   48.146932
   22.583880   48.148396
   22.580340   48.151723
   22.579146   48.153731
   22.576326   48.153774
   22.573772   48.154447
   22.570767   48.155750
   22.569446   48.156735
   22.568609   48.157931
   22.566142   48.165005
   22.563604   48.168946
   22.560961   48.171153
   22.560057   48.173702
   22.558157   48.175570
   22.557843   48.177743
   22.555519   48.179460
   22.554669   48.181121
   22.555406   48.185339
   22.556317   48.186971
   22.557577   48.187978
   22.559219   48.188703
   22.561106   48.189086
   22.563665   48.189100
   22.564720   48.191006
   22.564567   48.192474
   22.554523   48.194096
   22.552179   48.194807
   22.550400   48.196045
   22.549531   48.197385
   22.540261   48.204194
   22.535600   48.205558
   22.531968   48.204863
   22.529249   48.205018
   22.527390   48.205595
   22.525874   48.206514
   22.523583   48.209834
   22.517833   48.213693
   22.516575   48.216574
   22.515053   48.218232
   22.512374   48.219665
   22.507050   48.223739
   22.505669   48.228082
   22.506120   48.230997
   22.507177   48.232655
   22.506719   48.234329
   22.495336   48.235239
   22.492993   48.236030
   22.491275   48.237349
   22.490437   48.239002
   22.490467   48.240313
   22.491379   48.241948
   22.494185   48.244426
   22.493340   48.246436
   22.488762   48.248021
   22.488005   48.247894
   22.483559   48.245424
   22.479880   48.244810
   22.476861   48.243872
   22.473908   48.240490
   22.470650   48.238843
   22.467813   48.238244
   22.464578   48.238477
   22.463286   48.238298
   22.459456   48.237115
   22.457494   48.236851
   22.454240   48.237272
   22.451552   48.238764
   22.447947   48.239352
   22.445557   48.239399
   22.443093   48.240087
   22.441217   48.241350
   22.440142   48.243358
   22.438549   48.244652
   22.436247   48.243043
   22.434409   48.242505
   22.432414   48.242345
   22.417680   48.244515
   22.414998   48.245649
   22.404111   48.244781
   22.402372   48.243233
   22.401673   48.241195
   22.399719   48.238549
   22.397823   48.237373
   22.392053   48.235550
   22.390955   48.232644
   22.389137   48.230819
   22.387490   48.230077
   22.384927   48.229635
   22.382943   48.229750
   22.380536   48.230481
   22.363141   48.242979
   22.362416   48.245058
   22.362985   48.246811
   22.360678   48.249836
   22.359496   48.252172
   22.359098   48.255167
   22.354015   48.262876
   22.348741   48.266744
   22.346365   48.267175
   22.344284   48.268206
   22.333627   48.275988
   22.332283   48.277454
   22.331872   48.278715
   22.332015   48.280001
   22.333653   48.282726
   22.330342   48.290186
   22.330848   48.293746
   22.331548   48.294938
   22.332953   48.296181
   22.330975   48.300374
   22.330944   48.302562
   22.329976   48.304648
   22.324311   48.306679
   22.315467   48.311777
   22.311802   48.316245
   22.311455   48.317727
   22.311706   48.319582
   22.309505   48.320739
   22.307576   48.322405
   22.305947   48.325600
   22.306217   48.328664
   22.307483   48.330347
   22.310051   48.331832
   22.313077   48.338708
   22.310442   48.344666
   22.310701   48.346371
   22.312361   48.349355
   22.309102   48.349511
   22.304496   48.349151
   22.297950   48.349183
   22.293987   48.350449
   22.291203   48.351997
   22.263907   48.357102
   22.262008   48.358249
   22.252746   48.367816
   22.247081   48.377049
   22.244754   48.378607
   22.236837   48.381800
   22.233938   48.384223
   22.233068   48.387285
   22.233691   48.389203
   22.234980   48.390987
   22.237167   48.392568
   22.240271   48.393802
   22.247895   48.394835
   22.250428   48.395487
   22.255809   48.402307
   22.257769   48.406564
   22.253138   48.406488
   22.240695   48.405141
   22.235639   48.405627
   22.231433   48.406653
   22.225106   48.409184
   22.222296   48.410853
   22.219241   48.413069
   22.210458   48.421051
   22.208439   48.421206
   22.203599   48.419857
   22.198145   48.416929
   22.192676   48.412996
   22.185746   48.410379
   22.179110   48.409246
   22.169851   48.408896
   22.165439   48.408062
   22.162136   48.406915
   22.161847   48.402224
   22.160636   48.400608
   22.158570   48.399434
   22.155292   48.398865
   22.151675   48.399383
   22.146662   48.399143
   22.142625   48.399410
   22.140676   48.399884
   22.139032   48.400726
   22.135940   48.403667
   22.135312   48.407293
   22.135561   48.409259
   22.131761   48.413270
   22.130362   48.417936
END
END
